[ {
  "identifier" : "00e1ea8331588bdbd54fa5cf48b892ea",
  "name" : "custom-fields",
  "sortOrder" : 0,
  "showOnMenu" : false,
  "hostId" : "8a7d5e23-da1e-420a-b4f0-471e7da8ea2d",
  "type" : "folder",
  "title" : "custom-fields",
  "filesMasks" : "",
  "defaultFileType" : "33888b6f-7a8e-4069-b1b6-5c1aa9d0a48d",
  "modDate" : "2024-07-08T09:12:31.082+00:00",
  "owner" : "dotcms.org.1",
  "inode" : "00e1ea8331588bdbd54fa5cf48b892ea",
  "path" : "/application/vtl/custom-fields/",
  "host" : {
    "lowIndexPriority" : false,
    "variantId" : "DEFAULT",
    "default" : true,
    "name" : "default",
    "aliases" : null,
    "inode" : "1b407535-67e3-4f21-ad00-8ef5ef492d64",
    "hostname" : "default",
    "tagStorage" : "8a7d5e23-da1e-420a-b4f0-471e7da8ea2d",
    "hostThumbnail" : null,
    "systemHost" : false,
    "parent" : true,
    "structureInode" : "855a2d72-f2f3-4169-8b04-ac5157c4380c",
    "owner" : "dotcms.org.1",
    "permissionId" : "8a7d5e23-da1e-420a-b4f0-471e7da8ea2d",
    "permissionType" : "com.dotmarketing.portlets.contentlet.model.Contentlet",
    "identifier" : "8a7d5e23-da1e-420a-b4f0-471e7da8ea2d",
    "type" : "contentlet",
    "modDate" : "2023-05-25T21:56:50.282+00:00",
    "host" : "SYSTEM_HOST",
    "live" : true,
    "locked" : true,
    "new" : false,
    "folder" : "SYSTEM_FOLDER",
    "archived" : false,
    "title" : "default",
    "languageId" : 1,
    "sortOrder" : 0,
    "modUser" : "dotcms.org.1",
    "fileAsset" : false,
    "working" : true,
    "indexPolicyDependencies" : "DEFER",
    "categoryId" : "1b407535-67e3-4f21-ad00-8ef5ef492d64",
    "versionId" : "8a7d5e23-da1e-420a-b4f0-471e7da8ea2d",
    "contentTypeId" : "855a2d72-f2f3-4169-8b04-ac5157c4380c",
    "titleImage" : null,
    "htmlpage" : false,
    "dotAsset" : false,
    "persona" : false,
    "form" : false,
    "vanityUrl" : false,
    "keyValue" : false
  },
  "map" : {
    "owner" : "dotcms.org.1",
    "identifier" : "00e1ea8331588bdbd54fa5cf48b892ea",
    "filesMasks" : "",
    "modDate" : "2024-07-08T09:12:31.082+00:00",
    "hostId" : "8a7d5e23-da1e-420a-b4f0-471e7da8ea2d",
    "type" : "folder",
    "title" : "custom-fields",
    "showOnMenu" : false,
    "inode" : "00e1ea8331588bdbd54fa5cf48b892ea",
    "path" : "/application/vtl/custom-fields/",
    "defaultFileType" : "33888b6f-7a8e-4069-b1b6-5c1aa9d0a48d",
    "sortOrder" : 0,
    "name" : "custom-fields",
    "iDate" : "2024-07-08T09:12:31.082+00:00"
  },
  "parent" : true,
  "permissionId" : "00e1ea8331588bdbd54fa5cf48b892ea",
  "permissionType" : "com.dotmarketing.portlets.folders.model.Folder",
  "idate" : "2024-07-08T09:12:31.082+00:00",
  "systemFolder" : false
}, {
  "identifier" : "38fb88d4d221565e584670106236eb1f",
  "name" : "products",
  "sortOrder" : 0,
  "showOnMenu" : false,
  "hostId" : "8a7d5e23-da1e-420a-b4f0-471e7da8ea2d",
  "type" : "folder",
  "title" : "products",
  "filesMasks" : "",
  "defaultFileType" : "33888b6f-7a8e-4069-b1b6-5c1aa9d0a48d",
  "modDate" : "2024-07-08T09:12:42.089+00:00",
  "owner" : "dotcms.org.1",
  "inode" : "38fb88d4d221565e584670106236eb1f",
  "path" : "/application/vtl/products/",
  "host" : {
    "lowIndexPriority" : false,
    "variantId" : "DEFAULT",
    "default" : true,
    "name" : "default",
    "aliases" : null,
    "inode" : "1b407535-67e3-4f21-ad00-8ef5ef492d64",
    "hostname" : "default",
    "tagStorage" : "8a7d5e23-da1e-420a-b4f0-471e7da8ea2d",
    "hostThumbnail" : null,
    "systemHost" : false,
    "parent" : true,
    "structureInode" : "855a2d72-f2f3-4169-8b04-ac5157c4380c",
    "owner" : "dotcms.org.1",
    "permissionId" : "8a7d5e23-da1e-420a-b4f0-471e7da8ea2d",
    "permissionType" : "com.dotmarketing.portlets.contentlet.model.Contentlet",
    "identifier" : "8a7d5e23-da1e-420a-b4f0-471e7da8ea2d",
    "type" : "contentlet",
    "modDate" : "2023-05-25T21:56:50.282+00:00",
    "host" : "SYSTEM_HOST",
    "live" : true,
    "locked" : true,
    "new" : false,
    "folder" : "SYSTEM_FOLDER",
    "archived" : false,
    "title" : "default",
    "languageId" : 1,
    "sortOrder" : 0,
    "modUser" : "dotcms.org.1",
    "fileAsset" : false,
    "working" : true,
    "indexPolicyDependencies" : "DEFER",
    "categoryId" : "1b407535-67e3-4f21-ad00-8ef5ef492d64",
    "versionId" : "8a7d5e23-da1e-420a-b4f0-471e7da8ea2d",
    "contentTypeId" : "855a2d72-f2f3-4169-8b04-ac5157c4380c",
    "titleImage" : null,
    "htmlpage" : false,
    "dotAsset" : false,
    "persona" : false,
    "form" : false,
    "vanityUrl" : false,
    "keyValue" : false
  },
  "map" : {
    "owner" : "dotcms.org.1",
    "identifier" : "38fb88d4d221565e584670106236eb1f",
    "filesMasks" : "",
    "modDate" : "2024-07-08T09:12:42.089+00:00",
    "hostId" : "8a7d5e23-da1e-420a-b4f0-471e7da8ea2d",
    "type" : "folder",
    "title" : "products",
    "showOnMenu" : false,
    "inode" : "38fb88d4d221565e584670106236eb1f",
    "path" : "/application/vtl/products/",
    "defaultFileType" : "33888b6f-7a8e-4069-b1b6-5c1aa9d0a48d",
    "sortOrder" : 0,
    "name" : "products",
    "iDate" : "2024-07-08T09:12:42.089+00:00"
  },
  "parent" : true,
  "permissionId" : "38fb88d4d221565e584670106236eb1f",
  "permissionType" : "com.dotmarketing.portlets.folders.model.Folder",
  "idate" : "2024-07-08T09:12:42.089+00:00",
  "systemFolder" : false
}, {
  "identifier" : "41e3c7a4b43ec09f3c29d6ee1fdc9668",
  "name" : "vtl",
  "sortOrder" : 0,
  "showOnMenu" : false,
  "hostId" : "8a7d5e23-da1e-420a-b4f0-471e7da8ea2d",
  "type" : "folder",
  "title" : "vtl",
  "filesMasks" : "",
  "defaultFileType" : "33888b6f-7a8e-4069-b1b6-5c1aa9d0a48d",
  "modDate" : "2024-07-08T09:11:25.203+00:00",
  "owner" : "dotcms.org.1",
  "inode" : "41e3c7a4b43ec09f3c29d6ee1fdc9668",
  "path" : "/application/vtl/",
  "host" : {
    "lowIndexPriority" : false,
    "variantId" : "DEFAULT",
    "default" : true,
    "name" : "default",
    "aliases" : null,
    "inode" : "1b407535-67e3-4f21-ad00-8ef5ef492d64",
    "hostname" : "default",
    "tagStorage" : "8a7d5e23-da1e-420a-b4f0-471e7da8ea2d",
    "hostThumbnail" : null,
    "systemHost" : false,
    "parent" : true,
    "structureInode" : "855a2d72-f2f3-4169-8b04-ac5157c4380c",
    "owner" : "dotcms.org.1",
    "permissionId" : "8a7d5e23-da1e-420a-b4f0-471e7da8ea2d",
    "permissionType" : "com.dotmarketing.portlets.contentlet.model.Contentlet",
    "identifier" : "8a7d5e23-da1e-420a-b4f0-471e7da8ea2d",
    "type" : "contentlet",
    "modDate" : "2023-05-25T21:56:50.282+00:00",
    "host" : "SYSTEM_HOST",
    "live" : true,
    "locked" : true,
    "new" : false,
    "folder" : "SYSTEM_FOLDER",
    "archived" : false,
    "title" : "default",
    "languageId" : 1,
    "sortOrder" : 0,
    "modUser" : "dotcms.org.1",
    "fileAsset" : false,
    "working" : true,
    "indexPolicyDependencies" : "DEFER",
    "categoryId" : "1b407535-67e3-4f21-ad00-8ef5ef492d64",
    "versionId" : "8a7d5e23-da1e-420a-b4f0-471e7da8ea2d",
    "contentTypeId" : "855a2d72-f2f3-4169-8b04-ac5157c4380c",
    "titleImage" : null,
    "htmlpage" : false,
    "dotAsset" : false,
    "persona" : false,
    "form" : false,
    "vanityUrl" : false,
    "keyValue" : false
  },
  "map" : {
    "owner" : "dotcms.org.1",
    "identifier" : "41e3c7a4b43ec09f3c29d6ee1fdc9668",
    "filesMasks" : "",
    "modDate" : "2024-07-08T09:11:25.203+00:00",
    "hostId" : "8a7d5e23-da1e-420a-b4f0-471e7da8ea2d",
    "type" : "folder",
    "title" : "vtl",
    "showOnMenu" : false,
    "inode" : "41e3c7a4b43ec09f3c29d6ee1fdc9668",
    "path" : "/application/vtl/",
    "defaultFileType" : "33888b6f-7a8e-4069-b1b6-5c1aa9d0a48d",
    "sortOrder" : 0,
    "name" : "vtl",
    "iDate" : "2024-07-08T09:11:25.203+00:00"
  },
  "parent" : true,
  "permissionId" : "41e3c7a4b43ec09f3c29d6ee1fdc9668",
  "permissionType" : "com.dotmarketing.portlets.folders.model.Folder",
  "idate" : "2024-07-08T09:11:25.203+00:00",
  "systemFolder" : false
}, {
  "identifier" : "66d7530ae728230c26d15dcff384e3f2",
  "name" : "landing",
  "sortOrder" : 0,
  "showOnMenu" : false,
  "hostId" : "8a7d5e23-da1e-420a-b4f0-471e7da8ea2d",
  "type" : "folder",
  "title" : "landing",
  "filesMasks" : "",
  "defaultFileType" : "33888b6f-7a8e-4069-b1b6-5c1aa9d0a48d",
  "modDate" : "2024-07-08T09:12:56.385+00:00",
  "owner" : "dotcms.org.1",
  "inode" : "66d7530ae728230c26d15dcff384e3f2",
  "path" : "/application/vtl/landing/",
  "host" : {
    "lowIndexPriority" : false,
    "variantId" : "DEFAULT",
    "default" : true,
    "name" : "default",
    "aliases" : null,
    "inode" : "1b407535-67e3-4f21-ad00-8ef5ef492d64",
    "hostname" : "default",
    "tagStorage" : "8a7d5e23-da1e-420a-b4f0-471e7da8ea2d",
    "hostThumbnail" : null,
    "systemHost" : false,
    "parent" : true,
    "structureInode" : "855a2d72-f2f3-4169-8b04-ac5157c4380c",
    "owner" : "dotcms.org.1",
    "permissionId" : "8a7d5e23-da1e-420a-b4f0-471e7da8ea2d",
    "permissionType" : "com.dotmarketing.portlets.contentlet.model.Contentlet",
    "identifier" : "8a7d5e23-da1e-420a-b4f0-471e7da8ea2d",
    "type" : "contentlet",
    "modDate" : "2023-05-25T21:56:50.282+00:00",
    "host" : "SYSTEM_HOST",
    "live" : true,
    "locked" : true,
    "new" : false,
    "folder" : "SYSTEM_FOLDER",
    "archived" : false,
    "title" : "default",
    "languageId" : 1,
    "sortOrder" : 0,
    "modUser" : "dotcms.org.1",
    "fileAsset" : false,
    "working" : true,
    "indexPolicyDependencies" : "DEFER",
    "categoryId" : "1b407535-67e3-4f21-ad00-8ef5ef492d64",
    "versionId" : "8a7d5e23-da1e-420a-b4f0-471e7da8ea2d",
    "contentTypeId" : "855a2d72-f2f3-4169-8b04-ac5157c4380c",
    "titleImage" : null,
    "htmlpage" : false,
    "dotAsset" : false,
    "persona" : false,
    "form" : false,
    "vanityUrl" : false,
    "keyValue" : false
  },
  "map" : {
    "owner" : "dotcms.org.1",
    "identifier" : "66d7530ae728230c26d15dcff384e3f2",
    "filesMasks" : "",
    "modDate" : "2024-07-08T09:12:56.385+00:00",
    "hostId" : "8a7d5e23-da1e-420a-b4f0-471e7da8ea2d",
    "type" : "folder",
    "title" : "landing",
    "showOnMenu" : false,
    "inode" : "66d7530ae728230c26d15dcff384e3f2",
    "path" : "/application/vtl/landing/",
    "defaultFileType" : "33888b6f-7a8e-4069-b1b6-5c1aa9d0a48d",
    "sortOrder" : 0,
    "name" : "landing",
    "iDate" : "2024-07-08T09:12:56.385+00:00"
  },
  "parent" : true,
  "permissionId" : "66d7530ae728230c26d15dcff384e3f2",
  "permissionType" : "com.dotmarketing.portlets.folders.model.Folder",
  "idate" : "2024-07-08T09:12:56.385+00:00",
  "systemFolder" : false
}, {
  "identifier" : "7c5d41b80f8ccc5ccf34bb0f769a390b",
  "name" : "css",
  "sortOrder" : 0,
  "showOnMenu" : false,
  "hostId" : "8a7d5e23-da1e-420a-b4f0-471e7da8ea2d",
  "type" : "folder",
  "title" : "css",
  "filesMasks" : "",
  "defaultFileType" : "33888b6f-7a8e-4069-b1b6-5c1aa9d0a48d",
  "modDate" : "2024-07-08T09:11:16.029+00:00",
  "owner" : "dotcms.org.1",
  "inode" : "7c5d41b80f8ccc5ccf34bb0f769a390b",
  "path" : "/application/css/",
  "host" : {
    "lowIndexPriority" : false,
    "variantId" : "DEFAULT",
    "default" : true,
    "name" : "default",
    "aliases" : null,
    "inode" : "1b407535-67e3-4f21-ad00-8ef5ef492d64",
    "hostname" : "default",
    "tagStorage" : "8a7d5e23-da1e-420a-b4f0-471e7da8ea2d",
    "hostThumbnail" : null,
    "systemHost" : false,
    "parent" : true,
    "structureInode" : "855a2d72-f2f3-4169-8b04-ac5157c4380c",
    "owner" : "dotcms.org.1",
    "permissionId" : "8a7d5e23-da1e-420a-b4f0-471e7da8ea2d",
    "permissionType" : "com.dotmarketing.portlets.contentlet.model.Contentlet",
    "identifier" : "8a7d5e23-da1e-420a-b4f0-471e7da8ea2d",
    "type" : "contentlet",
    "modDate" : "2023-05-25T21:56:50.282+00:00",
    "host" : "SYSTEM_HOST",
    "live" : true,
    "locked" : true,
    "new" : false,
    "folder" : "SYSTEM_FOLDER",
    "archived" : false,
    "title" : "default",
    "languageId" : 1,
    "sortOrder" : 0,
    "modUser" : "dotcms.org.1",
    "fileAsset" : false,
    "working" : true,
    "indexPolicyDependencies" : "DEFER",
    "categoryId" : "1b407535-67e3-4f21-ad00-8ef5ef492d64",
    "versionId" : "8a7d5e23-da1e-420a-b4f0-471e7da8ea2d",
    "contentTypeId" : "855a2d72-f2f3-4169-8b04-ac5157c4380c",
    "titleImage" : null,
    "htmlpage" : false,
    "dotAsset" : false,
    "persona" : false,
    "form" : false,
    "vanityUrl" : false,
    "keyValue" : false
  },
  "map" : {
    "owner" : "dotcms.org.1",
    "identifier" : "7c5d41b80f8ccc5ccf34bb0f769a390b",
    "filesMasks" : "",
    "modDate" : "2024-07-08T09:11:16.029+00:00",
    "hostId" : "8a7d5e23-da1e-420a-b4f0-471e7da8ea2d",
    "type" : "folder",
    "title" : "css",
    "showOnMenu" : false,
    "inode" : "7c5d41b80f8ccc5ccf34bb0f769a390b",
    "path" : "/application/css/",
    "defaultFileType" : "33888b6f-7a8e-4069-b1b6-5c1aa9d0a48d",
    "sortOrder" : 0,
    "name" : "css",
    "iDate" : "2024-07-08T09:11:16.029+00:00"
  },
  "parent" : true,
  "permissionId" : "7c5d41b80f8ccc5ccf34bb0f769a390b",
  "permissionType" : "com.dotmarketing.portlets.folders.model.Folder",
  "idate" : "2024-07-08T09:11:16.029+00:00",
  "systemFolder" : false
}, {
  "identifier" : "cd8525d36c55d3fc893659c30e264a68",
  "name" : "blog",
  "sortOrder" : 0,
  "showOnMenu" : false,
  "hostId" : "8a7d5e23-da1e-420a-b4f0-471e7da8ea2d",
  "type" : "folder",
  "title" : "blog",
  "filesMasks" : "",
  "defaultFileType" : "33888b6f-7a8e-4069-b1b6-5c1aa9d0a48d",
  "modDate" : "2024-07-08T09:12:48.752+00:00",
  "owner" : "dotcms.org.1",
  "inode" : "cd8525d36c55d3fc893659c30e264a68",
  "path" : "/application/vtl/blog/",
  "host" : {
    "lowIndexPriority" : false,
    "variantId" : "DEFAULT",
    "default" : true,
    "name" : "default",
    "aliases" : null,
    "inode" : "1b407535-67e3-4f21-ad00-8ef5ef492d64",
    "hostname" : "default",
    "tagStorage" : "8a7d5e23-da1e-420a-b4f0-471e7da8ea2d",
    "hostThumbnail" : null,
    "systemHost" : false,
    "parent" : true,
    "structureInode" : "855a2d72-f2f3-4169-8b04-ac5157c4380c",
    "owner" : "dotcms.org.1",
    "permissionId" : "8a7d5e23-da1e-420a-b4f0-471e7da8ea2d",
    "permissionType" : "com.dotmarketing.portlets.contentlet.model.Contentlet",
    "identifier" : "8a7d5e23-da1e-420a-b4f0-471e7da8ea2d",
    "type" : "contentlet",
    "modDate" : "2023-05-25T21:56:50.282+00:00",
    "host" : "SYSTEM_HOST",
    "live" : true,
    "locked" : true,
    "new" : false,
    "folder" : "SYSTEM_FOLDER",
    "archived" : false,
    "title" : "default",
    "languageId" : 1,
    "sortOrder" : 0,
    "modUser" : "dotcms.org.1",
    "fileAsset" : false,
    "working" : true,
    "indexPolicyDependencies" : "DEFER",
    "categoryId" : "1b407535-67e3-4f21-ad00-8ef5ef492d64",
    "versionId" : "8a7d5e23-da1e-420a-b4f0-471e7da8ea2d",
    "contentTypeId" : "855a2d72-f2f3-4169-8b04-ac5157c4380c",
    "titleImage" : null,
    "htmlpage" : false,
    "dotAsset" : false,
    "persona" : false,
    "form" : false,
    "vanityUrl" : false,
    "keyValue" : false
  },
  "map" : {
    "owner" : "dotcms.org.1",
    "identifier" : "cd8525d36c55d3fc893659c30e264a68",
    "filesMasks" : "",
    "modDate" : "2024-07-08T09:12:48.752+00:00",
    "hostId" : "8a7d5e23-da1e-420a-b4f0-471e7da8ea2d",
    "type" : "folder",
    "title" : "blog",
    "showOnMenu" : false,
    "inode" : "cd8525d36c55d3fc893659c30e264a68",
    "path" : "/application/vtl/blog/",
    "defaultFileType" : "33888b6f-7a8e-4069-b1b6-5c1aa9d0a48d",
    "sortOrder" : 0,
    "name" : "blog",
    "iDate" : "2024-07-08T09:12:48.752+00:00"
  },
  "parent" : true,
  "permissionId" : "cd8525d36c55d3fc893659c30e264a68",
  "permissionType" : "com.dotmarketing.portlets.folders.model.Folder",
  "idate" : "2024-07-08T09:12:48.752+00:00",
  "systemFolder" : false
}, {
  "identifier" : "debdc58c213ddd1e232f2d811704ccdc",
  "name" : "application",
  "sortOrder" : 0,
  "showOnMenu" : false,
  "hostId" : "8a7d5e23-da1e-420a-b4f0-471e7da8ea2d",
  "type" : "folder",
  "title" : "application",
  "filesMasks" : "",
  "defaultFileType" : "33888b6f-7a8e-4069-b1b6-5c1aa9d0a48d",
  "modDate" : "2024-07-08T09:10:55.143+00:00",
  "owner" : "dotcms.org.1",
  "inode" : "debdc58c213ddd1e232f2d811704ccdc",
  "path" : "/application/",
  "host" : {
    "lowIndexPriority" : false,
    "variantId" : "DEFAULT",
    "default" : true,
    "name" : "default",
    "aliases" : null,
    "inode" : "1b407535-67e3-4f21-ad00-8ef5ef492d64",
    "hostname" : "default",
    "tagStorage" : "8a7d5e23-da1e-420a-b4f0-471e7da8ea2d",
    "hostThumbnail" : null,
    "systemHost" : false,
    "parent" : true,
    "structureInode" : "855a2d72-f2f3-4169-8b04-ac5157c4380c",
    "owner" : "dotcms.org.1",
    "permissionId" : "8a7d5e23-da1e-420a-b4f0-471e7da8ea2d",
    "permissionType" : "com.dotmarketing.portlets.contentlet.model.Contentlet",
    "identifier" : "8a7d5e23-da1e-420a-b4f0-471e7da8ea2d",
    "type" : "contentlet",
    "modDate" : "2023-05-25T21:56:50.282+00:00",
    "host" : "SYSTEM_HOST",
    "live" : true,
    "locked" : true,
    "new" : false,
    "folder" : "SYSTEM_FOLDER",
    "archived" : false,
    "title" : "default",
    "languageId" : 1,
    "sortOrder" : 0,
    "modUser" : "dotcms.org.1",
    "fileAsset" : false,
    "working" : true,
    "indexPolicyDependencies" : "DEFER",
    "categoryId" : "1b407535-67e3-4f21-ad00-8ef5ef492d64",
    "versionId" : "8a7d5e23-da1e-420a-b4f0-471e7da8ea2d",
    "contentTypeId" : "855a2d72-f2f3-4169-8b04-ac5157c4380c",
    "titleImage" : null,
    "htmlpage" : false,
    "dotAsset" : false,
    "persona" : false,
    "form" : false,
    "vanityUrl" : false,
    "keyValue" : false
  },
  "map" : {
    "owner" : "dotcms.org.1",
    "identifier" : "debdc58c213ddd1e232f2d811704ccdc",
    "filesMasks" : "",
    "modDate" : "2024-07-08T09:10:55.143+00:00",
    "hostId" : "8a7d5e23-da1e-420a-b4f0-471e7da8ea2d",
    "type" : "folder",
    "title" : "application",
    "showOnMenu" : false,
    "inode" : "debdc58c213ddd1e232f2d811704ccdc",
    "path" : "/application/",
    "defaultFileType" : "33888b6f-7a8e-4069-b1b6-5c1aa9d0a48d",
    "sortOrder" : 0,
    "name" : "application",
    "iDate" : "2024-07-08T09:10:55.143+00:00"
  },
  "parent" : true,
  "permissionId" : "debdc58c213ddd1e232f2d811704ccdc",
  "permissionType" : "com.dotmarketing.portlets.folders.model.Folder",
  "idate" : "2024-07-08T09:10:55.143+00:00",
  "systemFolder" : false
}, {
  "identifier" : "bc9a1d37-dd2d-4d49-a29d-0c9be740bfaf",
  "name" : "system folder",
  "sortOrder" : 0,
  "showOnMenu" : false,
  "hostId" : "SYSTEM_HOST",
  "type" : "folder",
  "title" : "System folder",
  "filesMasks" : "",
  "defaultFileType" : "33888b6f-7a8e-4069-b1b6-5c1aa9d0a48d",
  "modDate" : "2017-03-07T13:25:58.000+00:00",
  "owner" : "system",
  "inode" : "SYSTEM_FOLDER",
  "path" : "/",
  "host" : {
    "lowIndexPriority" : false,
    "variantId" : "DEFAULT",
    "default" : false,
    "name" : "System Host",
    "aliases" : "",
    "inode" : "dbdec5e2-c02b-4cfb-83a9-4a4c4f3b2eb0",
    "hostname" : "System Host",
    "tagStorage" : "",
    "hostThumbnail" : null,
    "systemHost" : true,
    "parent" : true,
    "structureInode" : "855a2d72-f2f3-4169-8b04-ac5157c4380c",
    "owner" : "system",
    "permissionId" : "SYSTEM_HOST",
    "permissionType" : "com.dotmarketing.portlets.contentlet.model.Contentlet",
    "identifier" : "SYSTEM_HOST",
    "type" : "contentlet",
    "modDate" : "2023-05-25T21:56:50.282+00:00",
    "host" : "SYSTEM_HOST",
    "live" : true,
    "locked" : false,
    "new" : false,
    "folder" : "SYSTEM_FOLDER",
    "archived" : false,
    "title" : "System Host",
    "languageId" : 1,
    "sortOrder" : 0,
    "modUser" : "system",
    "fileAsset" : false,
    "working" : true,
    "indexPolicyDependencies" : "DEFER",
    "categoryId" : "dbdec5e2-c02b-4cfb-83a9-4a4c4f3b2eb0",
    "versionId" : "SYSTEM_HOST",
    "contentTypeId" : "855a2d72-f2f3-4169-8b04-ac5157c4380c",
    "titleImage" : null,
    "htmlpage" : false,
    "dotAsset" : false,
    "persona" : false,
    "form" : false,
    "vanityUrl" : false,
    "keyValue" : false
  },
  "map" : {
    "owner" : "system",
    "identifier" : "bc9a1d37-dd2d-4d49-a29d-0c9be740bfaf",
    "filesMasks" : "",
    "modDate" : "2017-03-07T13:25:58.000+00:00",
    "hostId" : "SYSTEM_HOST",
    "type" : "folder",
    "title" : "System folder",
    "showOnMenu" : false,
    "inode" : "bc9a1d37-dd2d-4d49-a29d-0c9be740bfaf",
    "path" : "/",
    "defaultFileType" : "33888b6f-7a8e-4069-b1b6-5c1aa9d0a48d",
    "sortOrder" : 0,
    "name" : "system folder",
    "iDate" : "2009-10-08T16:27:18.000+00:00"
  },
  "parent" : true,
  "permissionId" : "SYSTEM_FOLDER",
  "permissionType" : "com.dotmarketing.portlets.folders.model.Folder",
  "idate" : "2009-10-08T16:27:18.000+00:00",
  "systemFolder" : true
} ]