[ {
  "iDate" : null,
  "type" : null,
  "owner" : null,
  "parentStructureInode" : "b930f036cd113d7be0e757da5c98dbe0",
  "childStructureInode" : "c0cb155ba3817ab5cc3d102f2a212719",
  "parentRelationName" : "author",
  "childRelationName" : null,
  "relationTypeValue" : "BlogArticle.author",
  "cardinality" : 0,
  "parentRequired" : true,
  "childRequired" : false,
  "fixed" : false,
  "inode" : "129c9237-a9e8-457e-aac9-c7bf12b257af",
  "modDate" : "2024-07-24T15:19:41.644+00:00",
  "live" : false,
  "identifier" : "129c9237-a9e8-457e-aac9-c7bf12b257af",
  "title" : "BlogArticle.author",
  "relationshipField" : true,
  "childStructure" : {
    "iDate" : "2024-07-08T08:58:14.000+00:00",
    "type" : "structure",
    "owner" : null,
    "inode" : "c0cb155ba3817ab5cc3d102f2a212719",
    "identifier" : "c0cb155ba3817ab5cc3d102f2a212719",
    "name" : "Blog Article",
    "description" : "Content Type definition for blog articles.",
    "defaultStructure" : false,
    "reviewInterval" : null,
    "reviewerRole" : null,
    "pagedetail" : "06623dba9f36bc82780c3c0916344b57",
    "structureType" : 1,
    "fixed" : false,
    "system" : false,
    "velocityVarName" : "BlogArticle",
    "urlMapPattern" : "/blog/{urlFilename}",
    "host" : "8a7d5e23-da1e-420a-b4f0-471e7da8ea2d",
    "folder" : "SYSTEM_FOLDER",
    "publishDateVar" : null,
    "expireDateVar" : null,
    "modDate" : "2024-07-24T15:19:42.000+00:00",
    "icon" : "article",
    "sortOrder" : 0,
    "metadata" : { },
    "fields" : [ {
      "iDate" : "2024-07-08T09:21:01.000+00:00",
      "type" : "field",
      "owner" : null,
      "inode" : "3feae359805748f5180cd5561e15571d",
      "identifier" : "3feae359805748f5180cd5561e15571d",
      "structureInode" : "c0cb155ba3817ab5cc3d102f2a212719",
      "fieldName" : "fields-0",
      "fieldType" : "row",
      "fieldRelationType" : null,
      "fieldContentlet" : "system_field",
      "required" : false,
      "velocityVarName" : "fields0",
      "sortOrder" : 0,
      "values" : null,
      "regexCheck" : null,
      "hint" : null,
      "defaultValue" : null,
      "indexed" : false,
      "listed" : false,
      "fixed" : false,
      "readOnly" : false,
      "searchable" : false,
      "unique" : false,
      "modDate" : "2024-07-24T15:19:42.000+00:00",
      "map" : {
        "fieldSortOrder" : 0,
        "fieldHint" : null,
        "fieldName" : "fields-0",
        "fieldFieldType" : "row",
        "fieldRegexCheck" : null,
        "fieldRelationType" : null,
        "fieldVelocityVarName" : "fields0",
        "defaultValue" : null,
        "fieldFixed" : false,
        "fieldIndexed" : false,
        "fieldSearchable" : false,
        "fieldValues" : "",
        "fieldListed" : false,
        "fieldContentlet" : "system_field",
        "inode" : "3feae359805748f5180cd5561e15571d",
        "fieldStructureVarName" : "BlogArticle",
        "fieldRequired" : false,
        "fieldReadOnly" : false,
        "fieldUnique" : false,
        "fieldStructureInode" : "c0cb155ba3817ab5cc3d102f2a212719"
      },
      "dataType" : "system_field",
      "live" : false,
      "locked" : false,
      "new" : false,
      "archived" : false,
      "title" : "",
      "working" : false,
      "modUser" : "",
      "versionType" : "field",
      "parentPermissionable" : null,
      "permissionId" : "3feae359805748f5180cd5561e15571d",
      "permissionType" : "com.dotmarketing.portlets.structure.model.Field",
      "categoryId" : "3feae359805748f5180cd5561e15571d",
      "versionId" : "3feae359805748f5180cd5561e15571d",
      "idate" : "2024-07-08T09:21:01.000+00:00"
    }, {
      "iDate" : "2024-07-08T09:21:01.000+00:00",
      "type" : "field",
      "owner" : null,
      "inode" : "32c6e2e6c195138f7eb858a27a45b24f",
      "identifier" : "32c6e2e6c195138f7eb858a27a45b24f",
      "structureInode" : "c0cb155ba3817ab5cc3d102f2a212719",
      "fieldName" : "fields-1",
      "fieldType" : "column",
      "fieldRelationType" : null,
      "fieldContentlet" : "system_field",
      "required" : false,
      "velocityVarName" : "fields1",
      "sortOrder" : 1,
      "values" : null,
      "regexCheck" : null,
      "hint" : null,
      "defaultValue" : null,
      "indexed" : false,
      "listed" : false,
      "fixed" : false,
      "readOnly" : false,
      "searchable" : false,
      "unique" : false,
      "modDate" : "2024-07-24T15:19:42.000+00:00",
      "map" : {
        "fieldSortOrder" : 1,
        "fieldHint" : null,
        "fieldName" : "fields-1",
        "fieldFieldType" : "column",
        "fieldRegexCheck" : null,
        "fieldRelationType" : null,
        "fieldVelocityVarName" : "fields1",
        "defaultValue" : null,
        "fieldFixed" : false,
        "fieldIndexed" : false,
        "fieldSearchable" : false,
        "fieldValues" : "",
        "fieldListed" : false,
        "fieldContentlet" : "system_field",
        "inode" : "32c6e2e6c195138f7eb858a27a45b24f",
        "fieldStructureVarName" : "BlogArticle",
        "fieldRequired" : false,
        "fieldReadOnly" : false,
        "fieldUnique" : false,
        "fieldStructureInode" : "c0cb155ba3817ab5cc3d102f2a212719"
      },
      "dataType" : "system_field",
      "live" : false,
      "locked" : false,
      "new" : false,
      "archived" : false,
      "title" : "",
      "working" : false,
      "modUser" : "",
      "versionType" : "field",
      "parentPermissionable" : null,
      "permissionId" : "32c6e2e6c195138f7eb858a27a45b24f",
      "permissionType" : "com.dotmarketing.portlets.structure.model.Field",
      "categoryId" : "32c6e2e6c195138f7eb858a27a45b24f",
      "versionId" : "32c6e2e6c195138f7eb858a27a45b24f",
      "idate" : "2024-07-08T09:21:01.000+00:00"
    }, {
      "iDate" : "2024-07-08T09:22:05.000+00:00",
      "type" : "field",
      "owner" : null,
      "inode" : "21239a6b3ec7b39db7e0c4a8305d892b",
      "identifier" : "21239a6b3ec7b39db7e0c4a8305d892b",
      "structureInode" : "c0cb155ba3817ab5cc3d102f2a212719",
      "fieldName" : "Title",
      "fieldType" : "text",
      "fieldRelationType" : null,
      "fieldContentlet" : "text1",
      "required" : true,
      "velocityVarName" : "title",
      "sortOrder" : 2,
      "values" : null,
      "regexCheck" : null,
      "hint" : "Title of the blog article.",
      "defaultValue" : null,
      "indexed" : false,
      "listed" : false,
      "fixed" : false,
      "readOnly" : false,
      "searchable" : false,
      "unique" : false,
      "modDate" : "2024-07-24T15:19:42.000+00:00",
      "map" : {
        "fieldSortOrder" : 2,
        "fieldHint" : "Title of the blog article.",
        "fieldName" : "Title",
        "fieldFieldType" : "text",
        "fieldRegexCheck" : null,
        "fieldRelationType" : null,
        "fieldVelocityVarName" : "title",
        "defaultValue" : null,
        "fieldFixed" : false,
        "fieldIndexed" : false,
        "fieldSearchable" : false,
        "fieldValues" : "",
        "fieldListed" : false,
        "fieldContentlet" : "text1",
        "inode" : "21239a6b3ec7b39db7e0c4a8305d892b",
        "fieldStructureVarName" : "BlogArticle",
        "fieldRequired" : true,
        "fieldReadOnly" : false,
        "fieldUnique" : false,
        "fieldStructureInode" : "c0cb155ba3817ab5cc3d102f2a212719"
      },
      "dataType" : "text",
      "live" : false,
      "locked" : false,
      "new" : false,
      "archived" : false,
      "title" : "",
      "working" : false,
      "modUser" : "",
      "versionType" : "field",
      "parentPermissionable" : null,
      "permissionId" : "21239a6b3ec7b39db7e0c4a8305d892b",
      "permissionType" : "com.dotmarketing.portlets.structure.model.Field",
      "categoryId" : "21239a6b3ec7b39db7e0c4a8305d892b",
      "versionId" : "21239a6b3ec7b39db7e0c4a8305d892b",
      "idate" : "2024-07-08T09:22:05.000+00:00"
    }, {
      "iDate" : "2024-07-08T09:22:41.000+00:00",
      "type" : "field",
      "owner" : null,
      "inode" : "e63d49e840b2a2677dcc1d28833d1404",
      "identifier" : "e63d49e840b2a2677dcc1d28833d1404",
      "structureInode" : "c0cb155ba3817ab5cc3d102f2a212719",
      "fieldName" : "URL Filename",
      "fieldType" : "custom_field",
      "fieldRelationType" : null,
      "fieldContentlet" : "text_area1",
      "required" : true,
      "velocityVarName" : "urlFilename",
      "sortOrder" : 3,
      "values" : "#dotParse('/application/vtl/custom-fields/url-filename.vtl')",
      "regexCheck" : null,
      "hint" : null,
      "defaultValue" : null,
      "indexed" : true,
      "listed" : false,
      "fixed" : false,
      "readOnly" : false,
      "searchable" : false,
      "unique" : true,
      "modDate" : "2024-07-24T15:19:42.000+00:00",
      "map" : {
        "fieldSortOrder" : 3,
        "fieldHint" : null,
        "fieldName" : "URL Filename",
        "fieldFieldType" : "custom_field",
        "fieldRegexCheck" : null,
        "fieldRelationType" : null,
        "fieldVelocityVarName" : "urlFilename",
        "defaultValue" : null,
        "fieldFixed" : false,
        "fieldIndexed" : true,
        "fieldSearchable" : false,
        "fieldValues" : "#dotParse('/application/vtl/custom-fields/url-filename.vtl')",
        "fieldListed" : false,
        "fieldContentlet" : "text_area1",
        "inode" : "e63d49e840b2a2677dcc1d28833d1404",
        "fieldStructureVarName" : "BlogArticle",
        "fieldRequired" : true,
        "fieldReadOnly" : false,
        "fieldUnique" : true,
        "fieldStructureInode" : "c0cb155ba3817ab5cc3d102f2a212719"
      },
      "dataType" : "text_area",
      "live" : false,
      "locked" : false,
      "new" : false,
      "archived" : false,
      "title" : "",
      "working" : false,
      "modUser" : "",
      "versionType" : "field",
      "parentPermissionable" : null,
      "permissionId" : "e63d49e840b2a2677dcc1d28833d1404",
      "permissionType" : "com.dotmarketing.portlets.structure.model.Field",
      "categoryId" : "e63d49e840b2a2677dcc1d28833d1404",
      "versionId" : "e63d49e840b2a2677dcc1d28833d1404",
      "idate" : "2024-07-08T09:22:41.000+00:00"
    }, {
      "iDate" : "2024-07-08T09:23:08.000+00:00",
      "type" : "field",
      "owner" : null,
      "inode" : "5120b033425aeeba937a244ed6c4c5c2",
      "identifier" : "5120b033425aeeba937a244ed6c4c5c2",
      "structureInode" : "c0cb155ba3817ab5cc3d102f2a212719",
      "fieldName" : "Published At",
      "fieldType" : "date",
      "fieldRelationType" : null,
      "fieldContentlet" : "date1",
      "required" : true,
      "velocityVarName" : "publishedAt",
      "sortOrder" : 4,
      "values" : null,
      "regexCheck" : null,
      "hint" : "Publication date of the blog article.",
      "defaultValue" : null,
      "indexed" : false,
      "listed" : false,
      "fixed" : false,
      "readOnly" : false,
      "searchable" : false,
      "unique" : false,
      "modDate" : "2024-07-24T15:19:42.000+00:00",
      "map" : {
        "fieldSortOrder" : 4,
        "fieldHint" : "Publication date of the blog article.",
        "fieldName" : "Published At",
        "fieldFieldType" : "date",
        "fieldRegexCheck" : null,
        "fieldRelationType" : null,
        "fieldVelocityVarName" : "publishedAt",
        "defaultValue" : null,
        "fieldFixed" : false,
        "fieldIndexed" : false,
        "fieldSearchable" : false,
        "fieldValues" : "",
        "fieldListed" : false,
        "fieldContentlet" : "date1",
        "inode" : "5120b033425aeeba937a244ed6c4c5c2",
        "fieldStructureVarName" : "BlogArticle",
        "fieldRequired" : true,
        "fieldReadOnly" : false,
        "fieldUnique" : false,
        "fieldStructureInode" : "c0cb155ba3817ab5cc3d102f2a212719"
      },
      "dataType" : "date",
      "live" : false,
      "locked" : false,
      "new" : false,
      "archived" : false,
      "title" : "",
      "working" : false,
      "modUser" : "",
      "versionType" : "field",
      "parentPermissionable" : null,
      "permissionId" : "5120b033425aeeba937a244ed6c4c5c2",
      "permissionType" : "com.dotmarketing.portlets.structure.model.Field",
      "categoryId" : "5120b033425aeeba937a244ed6c4c5c2",
      "versionId" : "5120b033425aeeba937a244ed6c4c5c2",
      "idate" : "2024-07-08T09:23:08.000+00:00"
    }, {
      "iDate" : "2024-07-08T09:23:54.000+00:00",
      "type" : "field",
      "owner" : null,
      "inode" : "6a3a597d61c6220025722b05e0c47d7c",
      "identifier" : "6a3a597d61c6220025722b05e0c47d7c",
      "structureInode" : "c0cb155ba3817ab5cc3d102f2a212719",
      "fieldName" : "Author",
      "fieldType" : "relationship",
      "fieldRelationType" : "BlogAuthor",
      "fieldContentlet" : "system_field",
      "required" : true,
      "velocityVarName" : "author",
      "sortOrder" : 5,
      "values" : "3",
      "regexCheck" : null,
      "hint" : null,
      "defaultValue" : null,
      "indexed" : true,
      "listed" : false,
      "fixed" : false,
      "readOnly" : false,
      "searchable" : false,
      "unique" : false,
      "modDate" : "2024-07-24T15:19:42.000+00:00",
      "map" : {
        "fieldSortOrder" : 5,
        "fieldHint" : null,
        "fieldName" : "Author",
        "fieldFieldType" : "relationship",
        "fieldRegexCheck" : null,
        "fieldRelationType" : "BlogAuthor",
        "fieldVelocityVarName" : "author",
        "defaultValue" : null,
        "fieldFixed" : false,
        "fieldIndexed" : true,
        "fieldSearchable" : false,
        "fieldValues" : "3",
        "fieldListed" : false,
        "fieldContentlet" : "system_field",
        "inode" : "6a3a597d61c6220025722b05e0c47d7c",
        "fieldStructureVarName" : "BlogArticle",
        "fieldRequired" : true,
        "fieldReadOnly" : false,
        "fieldUnique" : false,
        "fieldStructureInode" : "c0cb155ba3817ab5cc3d102f2a212719"
      },
      "dataType" : "system_field",
      "live" : false,
      "locked" : false,
      "new" : false,
      "archived" : false,
      "title" : "",
      "working" : false,
      "modUser" : "",
      "versionType" : "field",
      "parentPermissionable" : null,
      "permissionId" : "6a3a597d61c6220025722b05e0c47d7c",
      "permissionType" : "com.dotmarketing.portlets.structure.model.Field",
      "categoryId" : "6a3a597d61c6220025722b05e0c47d7c",
      "versionId" : "6a3a597d61c6220025722b05e0c47d7c",
      "idate" : "2024-07-08T09:23:54.000+00:00"
    }, {
      "iDate" : "2024-07-08T09:24:22.000+00:00",
      "type" : "field",
      "owner" : null,
      "inode" : "cd9e34a8add3b4ad72bfda4ffd088cce",
      "identifier" : "cd9e34a8add3b4ad72bfda4ffd088cce",
      "structureInode" : "c0cb155ba3817ab5cc3d102f2a212719",
      "fieldName" : "Image",
      "fieldType" : "image",
      "fieldRelationType" : null,
      "fieldContentlet" : "text2",
      "required" : true,
      "velocityVarName" : "image",
      "sortOrder" : 6,
      "values" : null,
      "regexCheck" : null,
      "hint" : "Hero image for the blog article.",
      "defaultValue" : null,
      "indexed" : false,
      "listed" : false,
      "fixed" : false,
      "readOnly" : false,
      "searchable" : false,
      "unique" : false,
      "modDate" : "2024-07-24T15:19:42.000+00:00",
      "map" : {
        "fieldSortOrder" : 6,
        "fieldHint" : "Hero image for the blog article.",
        "fieldName" : "Image",
        "fieldFieldType" : "image",
        "fieldRegexCheck" : null,
        "fieldRelationType" : null,
        "fieldVelocityVarName" : "image",
        "defaultValue" : null,
        "fieldFixed" : false,
        "fieldIndexed" : false,
        "fieldSearchable" : false,
        "fieldValues" : "",
        "fieldListed" : false,
        "fieldContentlet" : "text2",
        "inode" : "cd9e34a8add3b4ad72bfda4ffd088cce",
        "fieldStructureVarName" : "BlogArticle",
        "fieldRequired" : true,
        "fieldReadOnly" : false,
        "fieldUnique" : false,
        "fieldStructureInode" : "c0cb155ba3817ab5cc3d102f2a212719"
      },
      "dataType" : "text",
      "live" : false,
      "locked" : false,
      "new" : false,
      "archived" : false,
      "title" : "",
      "working" : false,
      "modUser" : "",
      "versionType" : "field",
      "parentPermissionable" : null,
      "permissionId" : "cd9e34a8add3b4ad72bfda4ffd088cce",
      "permissionType" : "com.dotmarketing.portlets.structure.model.Field",
      "categoryId" : "cd9e34a8add3b4ad72bfda4ffd088cce",
      "versionId" : "cd9e34a8add3b4ad72bfda4ffd088cce",
      "idate" : "2024-07-08T09:24:22.000+00:00"
    }, {
      "iDate" : "2024-07-08T09:24:48.000+00:00",
      "type" : "field",
      "owner" : null,
      "inode" : "789dbe941cc21bd1c7809b423044567b",
      "identifier" : "789dbe941cc21bd1c7809b423044567b",
      "structureInode" : "c0cb155ba3817ab5cc3d102f2a212719",
      "fieldName" : "Article",
      "fieldType" : "story_block_field",
      "fieldRelationType" : null,
      "fieldContentlet" : "text_area2",
      "required" : false,
      "velocityVarName" : "article",
      "sortOrder" : 7,
      "values" : null,
      "regexCheck" : null,
      "hint" : "The actual blog article content.",
      "defaultValue" : null,
      "indexed" : false,
      "listed" : false,
      "fixed" : false,
      "readOnly" : false,
      "searchable" : false,
      "unique" : false,
      "modDate" : "2024-07-24T15:19:42.000+00:00",
      "map" : {
        "fieldSortOrder" : 7,
        "fieldHint" : "The actual blog article content.",
        "fieldName" : "Article",
        "fieldFieldType" : "story_block_field",
        "fieldRegexCheck" : null,
        "fieldRelationType" : null,
        "fieldVelocityVarName" : "article",
        "defaultValue" : null,
        "fieldFixed" : false,
        "fieldIndexed" : false,
        "fieldSearchable" : false,
        "fieldValues" : "",
        "fieldListed" : false,
        "fieldContentlet" : "text_area2",
        "inode" : "789dbe941cc21bd1c7809b423044567b",
        "fieldStructureVarName" : "BlogArticle",
        "fieldRequired" : false,
        "fieldReadOnly" : false,
        "fieldUnique" : false,
        "fieldStructureInode" : "c0cb155ba3817ab5cc3d102f2a212719"
      },
      "dataType" : "text_area",
      "live" : false,
      "locked" : false,
      "new" : false,
      "archived" : false,
      "title" : "",
      "working" : false,
      "modUser" : "",
      "versionType" : "field",
      "parentPermissionable" : null,
      "permissionId" : "789dbe941cc21bd1c7809b423044567b",
      "permissionType" : "com.dotmarketing.portlets.structure.model.Field",
      "categoryId" : "789dbe941cc21bd1c7809b423044567b",
      "versionId" : "789dbe941cc21bd1c7809b423044567b",
      "idate" : "2024-07-08T09:24:48.000+00:00"
    } ],
    "map" : {
      "permissionId" : "c0cb155ba3817ab5cc3d102f2a212719",
      "modDate" : "2024-07-24T15:19:42.000+00:00",
      "HTMLPageAsset" : false,
      "widget" : false,
      "icon" : "article",
      "pagedetail" : "06623dba9f36bc82780c3c0916344b57",
      "description" : "Content Type definition for blog articles.",
      "type" : "structure",
      "title" : "",
      "velocityVarName" : "BlogArticle",
      "content" : true,
      "expireDateVar" : null,
      "inode" : "c0cb155ba3817ab5cc3d102f2a212719",
      "archived" : false,
      "host" : false,
      "working" : false,
      "locked" : false,
      "live" : false,
      "iDate" : "2024-07-08T08:58:14.000+00:00",
      "versionType" : "structure",
      "owner" : null,
      "identifier" : "c0cb155ba3817ab5cc3d102f2a212719",
      "new" : false,
      "permissionType" : "com.dotmarketing.portlets.structure.model.Structure",
      "defaultStructure" : false,
      "persona" : false,
      "fileAsset" : false,
      "urlMapPattern" : "/blog/{urlFilename}",
      "IDate" : "2024-07-08T08:58:14.000+00:00",
      "versionId" : "c0cb155ba3817ab5cc3d102f2a212719",
      "folder" : "SYSTEM_FOLDER",
      "system" : false,
      "form" : false,
      "publishDateVar" : null,
      "parentPermissionable" : true,
      "reviewInterval" : null,
      "structureType" : 1,
      "sortOrder" : 0,
      "modUser" : "",
      "name" : "Blog Article",
      "detailPage" : "06623dba9f36bc82780c3c0916344b57",
      "fixed" : false,
      "categoryId" : "c0cb155ba3817ab5cc3d102f2a212719",
      "reviewerRole" : null
    },
    "content" : true,
    "fileAsset" : false,
    "persona" : false,
    "form" : false,
    "detailPage" : "06623dba9f36bc82780c3c0916344b57",
    "fieldsBySortOrder" : [ {
      "iDate" : "2024-07-08T09:21:01.000+00:00",
      "type" : "field",
      "owner" : null,
      "inode" : "3feae359805748f5180cd5561e15571d",
      "identifier" : "3feae359805748f5180cd5561e15571d",
      "structureInode" : "c0cb155ba3817ab5cc3d102f2a212719",
      "fieldName" : "fields-0",
      "fieldType" : "row",
      "fieldRelationType" : null,
      "fieldContentlet" : "system_field",
      "required" : false,
      "velocityVarName" : "fields0",
      "sortOrder" : 0,
      "values" : null,
      "regexCheck" : null,
      "hint" : null,
      "defaultValue" : null,
      "indexed" : false,
      "listed" : false,
      "fixed" : false,
      "readOnly" : false,
      "searchable" : false,
      "unique" : false,
      "modDate" : "2024-07-24T15:19:42.000+00:00",
      "map" : {
        "fieldSortOrder" : 0,
        "fieldHint" : null,
        "fieldName" : "fields-0",
        "fieldFieldType" : "row",
        "fieldRegexCheck" : null,
        "fieldRelationType" : null,
        "fieldVelocityVarName" : "fields0",
        "defaultValue" : null,
        "fieldFixed" : false,
        "fieldIndexed" : false,
        "fieldSearchable" : false,
        "fieldValues" : "",
        "fieldListed" : false,
        "fieldContentlet" : "system_field",
        "inode" : "3feae359805748f5180cd5561e15571d",
        "fieldStructureVarName" : "BlogArticle",
        "fieldRequired" : false,
        "fieldReadOnly" : false,
        "fieldUnique" : false,
        "fieldStructureInode" : "c0cb155ba3817ab5cc3d102f2a212719"
      },
      "dataType" : "system_field",
      "live" : false,
      "locked" : false,
      "new" : false,
      "archived" : false,
      "title" : "",
      "working" : false,
      "modUser" : "",
      "versionType" : "field",
      "parentPermissionable" : null,
      "permissionId" : "3feae359805748f5180cd5561e15571d",
      "permissionType" : "com.dotmarketing.portlets.structure.model.Field",
      "categoryId" : "3feae359805748f5180cd5561e15571d",
      "versionId" : "3feae359805748f5180cd5561e15571d",
      "idate" : "2024-07-08T09:21:01.000+00:00"
    }, {
      "iDate" : "2024-07-08T09:21:01.000+00:00",
      "type" : "field",
      "owner" : null,
      "inode" : "32c6e2e6c195138f7eb858a27a45b24f",
      "identifier" : "32c6e2e6c195138f7eb858a27a45b24f",
      "structureInode" : "c0cb155ba3817ab5cc3d102f2a212719",
      "fieldName" : "fields-1",
      "fieldType" : "column",
      "fieldRelationType" : null,
      "fieldContentlet" : "system_field",
      "required" : false,
      "velocityVarName" : "fields1",
      "sortOrder" : 1,
      "values" : null,
      "regexCheck" : null,
      "hint" : null,
      "defaultValue" : null,
      "indexed" : false,
      "listed" : false,
      "fixed" : false,
      "readOnly" : false,
      "searchable" : false,
      "unique" : false,
      "modDate" : "2024-07-24T15:19:42.000+00:00",
      "map" : {
        "fieldSortOrder" : 1,
        "fieldHint" : null,
        "fieldName" : "fields-1",
        "fieldFieldType" : "column",
        "fieldRegexCheck" : null,
        "fieldRelationType" : null,
        "fieldVelocityVarName" : "fields1",
        "defaultValue" : null,
        "fieldFixed" : false,
        "fieldIndexed" : false,
        "fieldSearchable" : false,
        "fieldValues" : "",
        "fieldListed" : false,
        "fieldContentlet" : "system_field",
        "inode" : "32c6e2e6c195138f7eb858a27a45b24f",
        "fieldStructureVarName" : "BlogArticle",
        "fieldRequired" : false,
        "fieldReadOnly" : false,
        "fieldUnique" : false,
        "fieldStructureInode" : "c0cb155ba3817ab5cc3d102f2a212719"
      },
      "dataType" : "system_field",
      "live" : false,
      "locked" : false,
      "new" : false,
      "archived" : false,
      "title" : "",
      "working" : false,
      "modUser" : "",
      "versionType" : "field",
      "parentPermissionable" : null,
      "permissionId" : "32c6e2e6c195138f7eb858a27a45b24f",
      "permissionType" : "com.dotmarketing.portlets.structure.model.Field",
      "categoryId" : "32c6e2e6c195138f7eb858a27a45b24f",
      "versionId" : "32c6e2e6c195138f7eb858a27a45b24f",
      "idate" : "2024-07-08T09:21:01.000+00:00"
    }, {
      "iDate" : "2024-07-08T09:22:05.000+00:00",
      "type" : "field",
      "owner" : null,
      "inode" : "21239a6b3ec7b39db7e0c4a8305d892b",
      "identifier" : "21239a6b3ec7b39db7e0c4a8305d892b",
      "structureInode" : "c0cb155ba3817ab5cc3d102f2a212719",
      "fieldName" : "Title",
      "fieldType" : "text",
      "fieldRelationType" : null,
      "fieldContentlet" : "text1",
      "required" : true,
      "velocityVarName" : "title",
      "sortOrder" : 2,
      "values" : null,
      "regexCheck" : null,
      "hint" : "Title of the blog article.",
      "defaultValue" : null,
      "indexed" : false,
      "listed" : false,
      "fixed" : false,
      "readOnly" : false,
      "searchable" : false,
      "unique" : false,
      "modDate" : "2024-07-24T15:19:42.000+00:00",
      "map" : {
        "fieldSortOrder" : 2,
        "fieldHint" : "Title of the blog article.",
        "fieldName" : "Title",
        "fieldFieldType" : "text",
        "fieldRegexCheck" : null,
        "fieldRelationType" : null,
        "fieldVelocityVarName" : "title",
        "defaultValue" : null,
        "fieldFixed" : false,
        "fieldIndexed" : false,
        "fieldSearchable" : false,
        "fieldValues" : "",
        "fieldListed" : false,
        "fieldContentlet" : "text1",
        "inode" : "21239a6b3ec7b39db7e0c4a8305d892b",
        "fieldStructureVarName" : "BlogArticle",
        "fieldRequired" : true,
        "fieldReadOnly" : false,
        "fieldUnique" : false,
        "fieldStructureInode" : "c0cb155ba3817ab5cc3d102f2a212719"
      },
      "dataType" : "text",
      "live" : false,
      "locked" : false,
      "new" : false,
      "archived" : false,
      "title" : "",
      "working" : false,
      "modUser" : "",
      "versionType" : "field",
      "parentPermissionable" : null,
      "permissionId" : "21239a6b3ec7b39db7e0c4a8305d892b",
      "permissionType" : "com.dotmarketing.portlets.structure.model.Field",
      "categoryId" : "21239a6b3ec7b39db7e0c4a8305d892b",
      "versionId" : "21239a6b3ec7b39db7e0c4a8305d892b",
      "idate" : "2024-07-08T09:22:05.000+00:00"
    }, {
      "iDate" : "2024-07-08T09:22:41.000+00:00",
      "type" : "field",
      "owner" : null,
      "inode" : "e63d49e840b2a2677dcc1d28833d1404",
      "identifier" : "e63d49e840b2a2677dcc1d28833d1404",
      "structureInode" : "c0cb155ba3817ab5cc3d102f2a212719",
      "fieldName" : "URL Filename",
      "fieldType" : "custom_field",
      "fieldRelationType" : null,
      "fieldContentlet" : "text_area1",
      "required" : true,
      "velocityVarName" : "urlFilename",
      "sortOrder" : 3,
      "values" : "#dotParse('/application/vtl/custom-fields/url-filename.vtl')",
      "regexCheck" : null,
      "hint" : null,
      "defaultValue" : null,
      "indexed" : true,
      "listed" : false,
      "fixed" : false,
      "readOnly" : false,
      "searchable" : false,
      "unique" : true,
      "modDate" : "2024-07-24T15:19:42.000+00:00",
      "map" : {
        "fieldSortOrder" : 3,
        "fieldHint" : null,
        "fieldName" : "URL Filename",
        "fieldFieldType" : "custom_field",
        "fieldRegexCheck" : null,
        "fieldRelationType" : null,
        "fieldVelocityVarName" : "urlFilename",
        "defaultValue" : null,
        "fieldFixed" : false,
        "fieldIndexed" : true,
        "fieldSearchable" : false,
        "fieldValues" : "#dotParse('/application/vtl/custom-fields/url-filename.vtl')",
        "fieldListed" : false,
        "fieldContentlet" : "text_area1",
        "inode" : "e63d49e840b2a2677dcc1d28833d1404",
        "fieldStructureVarName" : "BlogArticle",
        "fieldRequired" : true,
        "fieldReadOnly" : false,
        "fieldUnique" : true,
        "fieldStructureInode" : "c0cb155ba3817ab5cc3d102f2a212719"
      },
      "dataType" : "text_area",
      "live" : false,
      "locked" : false,
      "new" : false,
      "archived" : false,
      "title" : "",
      "working" : false,
      "modUser" : "",
      "versionType" : "field",
      "parentPermissionable" : null,
      "permissionId" : "e63d49e840b2a2677dcc1d28833d1404",
      "permissionType" : "com.dotmarketing.portlets.structure.model.Field",
      "categoryId" : "e63d49e840b2a2677dcc1d28833d1404",
      "versionId" : "e63d49e840b2a2677dcc1d28833d1404",
      "idate" : "2024-07-08T09:22:41.000+00:00"
    }, {
      "iDate" : "2024-07-08T09:23:08.000+00:00",
      "type" : "field",
      "owner" : null,
      "inode" : "5120b033425aeeba937a244ed6c4c5c2",
      "identifier" : "5120b033425aeeba937a244ed6c4c5c2",
      "structureInode" : "c0cb155ba3817ab5cc3d102f2a212719",
      "fieldName" : "Published At",
      "fieldType" : "date",
      "fieldRelationType" : null,
      "fieldContentlet" : "date1",
      "required" : true,
      "velocityVarName" : "publishedAt",
      "sortOrder" : 4,
      "values" : null,
      "regexCheck" : null,
      "hint" : "Publication date of the blog article.",
      "defaultValue" : null,
      "indexed" : false,
      "listed" : false,
      "fixed" : false,
      "readOnly" : false,
      "searchable" : false,
      "unique" : false,
      "modDate" : "2024-07-24T15:19:42.000+00:00",
      "map" : {
        "fieldSortOrder" : 4,
        "fieldHint" : "Publication date of the blog article.",
        "fieldName" : "Published At",
        "fieldFieldType" : "date",
        "fieldRegexCheck" : null,
        "fieldRelationType" : null,
        "fieldVelocityVarName" : "publishedAt",
        "defaultValue" : null,
        "fieldFixed" : false,
        "fieldIndexed" : false,
        "fieldSearchable" : false,
        "fieldValues" : "",
        "fieldListed" : false,
        "fieldContentlet" : "date1",
        "inode" : "5120b033425aeeba937a244ed6c4c5c2",
        "fieldStructureVarName" : "BlogArticle",
        "fieldRequired" : true,
        "fieldReadOnly" : false,
        "fieldUnique" : false,
        "fieldStructureInode" : "c0cb155ba3817ab5cc3d102f2a212719"
      },
      "dataType" : "date",
      "live" : false,
      "locked" : false,
      "new" : false,
      "archived" : false,
      "title" : "",
      "working" : false,
      "modUser" : "",
      "versionType" : "field",
      "parentPermissionable" : null,
      "permissionId" : "5120b033425aeeba937a244ed6c4c5c2",
      "permissionType" : "com.dotmarketing.portlets.structure.model.Field",
      "categoryId" : "5120b033425aeeba937a244ed6c4c5c2",
      "versionId" : "5120b033425aeeba937a244ed6c4c5c2",
      "idate" : "2024-07-08T09:23:08.000+00:00"
    }, {
      "iDate" : "2024-07-08T09:23:54.000+00:00",
      "type" : "field",
      "owner" : null,
      "inode" : "6a3a597d61c6220025722b05e0c47d7c",
      "identifier" : "6a3a597d61c6220025722b05e0c47d7c",
      "structureInode" : "c0cb155ba3817ab5cc3d102f2a212719",
      "fieldName" : "Author",
      "fieldType" : "relationship",
      "fieldRelationType" : "BlogAuthor",
      "fieldContentlet" : "system_field",
      "required" : true,
      "velocityVarName" : "author",
      "sortOrder" : 5,
      "values" : "3",
      "regexCheck" : null,
      "hint" : null,
      "defaultValue" : null,
      "indexed" : true,
      "listed" : false,
      "fixed" : false,
      "readOnly" : false,
      "searchable" : false,
      "unique" : false,
      "modDate" : "2024-07-24T15:19:42.000+00:00",
      "map" : {
        "fieldSortOrder" : 5,
        "fieldHint" : null,
        "fieldName" : "Author",
        "fieldFieldType" : "relationship",
        "fieldRegexCheck" : null,
        "fieldRelationType" : "BlogAuthor",
        "fieldVelocityVarName" : "author",
        "defaultValue" : null,
        "fieldFixed" : false,
        "fieldIndexed" : true,
        "fieldSearchable" : false,
        "fieldValues" : "3",
        "fieldListed" : false,
        "fieldContentlet" : "system_field",
        "inode" : "6a3a597d61c6220025722b05e0c47d7c",
        "fieldStructureVarName" : "BlogArticle",
        "fieldRequired" : true,
        "fieldReadOnly" : false,
        "fieldUnique" : false,
        "fieldStructureInode" : "c0cb155ba3817ab5cc3d102f2a212719"
      },
      "dataType" : "system_field",
      "live" : false,
      "locked" : false,
      "new" : false,
      "archived" : false,
      "title" : "",
      "working" : false,
      "modUser" : "",
      "versionType" : "field",
      "parentPermissionable" : null,
      "permissionId" : "6a3a597d61c6220025722b05e0c47d7c",
      "permissionType" : "com.dotmarketing.portlets.structure.model.Field",
      "categoryId" : "6a3a597d61c6220025722b05e0c47d7c",
      "versionId" : "6a3a597d61c6220025722b05e0c47d7c",
      "idate" : "2024-07-08T09:23:54.000+00:00"
    }, {
      "iDate" : "2024-07-08T09:24:22.000+00:00",
      "type" : "field",
      "owner" : null,
      "inode" : "cd9e34a8add3b4ad72bfda4ffd088cce",
      "identifier" : "cd9e34a8add3b4ad72bfda4ffd088cce",
      "structureInode" : "c0cb155ba3817ab5cc3d102f2a212719",
      "fieldName" : "Image",
      "fieldType" : "image",
      "fieldRelationType" : null,
      "fieldContentlet" : "text2",
      "required" : true,
      "velocityVarName" : "image",
      "sortOrder" : 6,
      "values" : null,
      "regexCheck" : null,
      "hint" : "Hero image for the blog article.",
      "defaultValue" : null,
      "indexed" : false,
      "listed" : false,
      "fixed" : false,
      "readOnly" : false,
      "searchable" : false,
      "unique" : false,
      "modDate" : "2024-07-24T15:19:42.000+00:00",
      "map" : {
        "fieldSortOrder" : 6,
        "fieldHint" : "Hero image for the blog article.",
        "fieldName" : "Image",
        "fieldFieldType" : "image",
        "fieldRegexCheck" : null,
        "fieldRelationType" : null,
        "fieldVelocityVarName" : "image",
        "defaultValue" : null,
        "fieldFixed" : false,
        "fieldIndexed" : false,
        "fieldSearchable" : false,
        "fieldValues" : "",
        "fieldListed" : false,
        "fieldContentlet" : "text2",
        "inode" : "cd9e34a8add3b4ad72bfda4ffd088cce",
        "fieldStructureVarName" : "BlogArticle",
        "fieldRequired" : true,
        "fieldReadOnly" : false,
        "fieldUnique" : false,
        "fieldStructureInode" : "c0cb155ba3817ab5cc3d102f2a212719"
      },
      "dataType" : "text",
      "live" : false,
      "locked" : false,
      "new" : false,
      "archived" : false,
      "title" : "",
      "working" : false,
      "modUser" : "",
      "versionType" : "field",
      "parentPermissionable" : null,
      "permissionId" : "cd9e34a8add3b4ad72bfda4ffd088cce",
      "permissionType" : "com.dotmarketing.portlets.structure.model.Field",
      "categoryId" : "cd9e34a8add3b4ad72bfda4ffd088cce",
      "versionId" : "cd9e34a8add3b4ad72bfda4ffd088cce",
      "idate" : "2024-07-08T09:24:22.000+00:00"
    }, {
      "iDate" : "2024-07-08T09:24:48.000+00:00",
      "type" : "field",
      "owner" : null,
      "inode" : "789dbe941cc21bd1c7809b423044567b",
      "identifier" : "789dbe941cc21bd1c7809b423044567b",
      "structureInode" : "c0cb155ba3817ab5cc3d102f2a212719",
      "fieldName" : "Article",
      "fieldType" : "story_block_field",
      "fieldRelationType" : null,
      "fieldContentlet" : "text_area2",
      "required" : false,
      "velocityVarName" : "article",
      "sortOrder" : 7,
      "values" : null,
      "regexCheck" : null,
      "hint" : "The actual blog article content.",
      "defaultValue" : null,
      "indexed" : false,
      "listed" : false,
      "fixed" : false,
      "readOnly" : false,
      "searchable" : false,
      "unique" : false,
      "modDate" : "2024-07-24T15:19:42.000+00:00",
      "map" : {
        "fieldSortOrder" : 7,
        "fieldHint" : "The actual blog article content.",
        "fieldName" : "Article",
        "fieldFieldType" : "story_block_field",
        "fieldRegexCheck" : null,
        "fieldRelationType" : null,
        "fieldVelocityVarName" : "article",
        "defaultValue" : null,
        "fieldFixed" : false,
        "fieldIndexed" : false,
        "fieldSearchable" : false,
        "fieldValues" : "",
        "fieldListed" : false,
        "fieldContentlet" : "text_area2",
        "inode" : "789dbe941cc21bd1c7809b423044567b",
        "fieldStructureVarName" : "BlogArticle",
        "fieldRequired" : false,
        "fieldReadOnly" : false,
        "fieldUnique" : false,
        "fieldStructureInode" : "c0cb155ba3817ab5cc3d102f2a212719"
      },
      "dataType" : "text_area",
      "live" : false,
      "locked" : false,
      "new" : false,
      "archived" : false,
      "title" : "",
      "working" : false,
      "modUser" : "",
      "versionType" : "field",
      "parentPermissionable" : null,
      "permissionId" : "789dbe941cc21bd1c7809b423044567b",
      "permissionType" : "com.dotmarketing.portlets.structure.model.Field",
      "categoryId" : "789dbe941cc21bd1c7809b423044567b",
      "versionId" : "789dbe941cc21bd1c7809b423044567b",
      "idate" : "2024-07-08T09:24:48.000+00:00"
    } ],
    "widget" : false,
    "htmlpageAsset" : false,
    "permissionId" : "c0cb155ba3817ab5cc3d102f2a212719",
    "permissionType" : "com.dotmarketing.portlets.structure.model.Structure",
    "live" : false,
    "locked" : false,
    "new" : false,
    "archived" : false,
    "title" : "",
    "working" : false,
    "modUser" : "",
    "versionType" : "structure",
    "categoryId" : "c0cb155ba3817ab5cc3d102f2a212719",
    "versionId" : "c0cb155ba3817ab5cc3d102f2a212719",
    "idate" : "2024-07-08T08:58:14.000+00:00"
  },
  "parentStructure" : {
    "iDate" : "2024-07-08T08:54:39.000+00:00",
    "type" : "structure",
    "owner" : null,
    "inode" : "b930f036cd113d7be0e757da5c98dbe0",
    "identifier" : "b930f036cd113d7be0e757da5c98dbe0",
    "name" : "Blog Author",
    "description" : "Content Type definition for blog authors.",
    "defaultStructure" : false,
    "reviewInterval" : null,
    "reviewerRole" : null,
    "pagedetail" : null,
    "structureType" : 1,
    "fixed" : false,
    "system" : false,
    "velocityVarName" : "BlogAuthor",
    "urlMapPattern" : null,
    "host" : "8a7d5e23-da1e-420a-b4f0-471e7da8ea2d",
    "folder" : "SYSTEM_FOLDER",
    "publishDateVar" : null,
    "expireDateVar" : null,
    "modDate" : "2024-07-24T15:19:42.000+00:00",
    "icon" : "emoji_people",
    "sortOrder" : 0,
    "metadata" : { },
    "fields" : [ {
      "iDate" : "2024-07-08T08:54:39.000+00:00",
      "type" : "field",
      "owner" : null,
      "inode" : "77d4cae3a1c3d4a220ab6fc06fcfb5a8",
      "identifier" : "77d4cae3a1c3d4a220ab6fc06fcfb5a8",
      "structureInode" : "b930f036cd113d7be0e757da5c98dbe0",
      "fieldName" : "fields-0",
      "fieldType" : "row",
      "fieldRelationType" : null,
      "fieldContentlet" : "system_field",
      "required" : false,
      "velocityVarName" : "fields0",
      "sortOrder" : 0,
      "values" : null,
      "regexCheck" : null,
      "hint" : null,
      "defaultValue" : null,
      "indexed" : false,
      "listed" : false,
      "fixed" : false,
      "readOnly" : false,
      "searchable" : false,
      "unique" : false,
      "modDate" : "2024-07-24T15:19:42.000+00:00",
      "map" : {
        "fieldSortOrder" : 0,
        "fieldHint" : null,
        "fieldName" : "fields-0",
        "fieldFieldType" : "row",
        "fieldRegexCheck" : null,
        "fieldRelationType" : null,
        "fieldVelocityVarName" : "fields0",
        "defaultValue" : null,
        "fieldFixed" : false,
        "fieldIndexed" : false,
        "fieldSearchable" : false,
        "fieldValues" : "",
        "fieldListed" : false,
        "fieldContentlet" : "system_field",
        "inode" : "77d4cae3a1c3d4a220ab6fc06fcfb5a8",
        "fieldStructureVarName" : "BlogAuthor",
        "fieldRequired" : false,
        "fieldReadOnly" : false,
        "fieldUnique" : false,
        "fieldStructureInode" : "b930f036cd113d7be0e757da5c98dbe0"
      },
      "dataType" : "system_field",
      "live" : false,
      "locked" : false,
      "new" : false,
      "archived" : false,
      "title" : "",
      "working" : false,
      "modUser" : "",
      "versionType" : "field",
      "parentPermissionable" : null,
      "permissionId" : "77d4cae3a1c3d4a220ab6fc06fcfb5a8",
      "permissionType" : "com.dotmarketing.portlets.structure.model.Field",
      "categoryId" : "77d4cae3a1c3d4a220ab6fc06fcfb5a8",
      "versionId" : "77d4cae3a1c3d4a220ab6fc06fcfb5a8",
      "idate" : "2024-07-08T08:54:39.000+00:00"
    }, {
      "iDate" : "2024-07-08T08:54:39.000+00:00",
      "type" : "field",
      "owner" : null,
      "inode" : "a96499f87d594f8ec3d92f61c95de03a",
      "identifier" : "a96499f87d594f8ec3d92f61c95de03a",
      "structureInode" : "b930f036cd113d7be0e757da5c98dbe0",
      "fieldName" : "fields-1",
      "fieldType" : "column",
      "fieldRelationType" : null,
      "fieldContentlet" : "system_field",
      "required" : false,
      "velocityVarName" : "fields1",
      "sortOrder" : 1,
      "values" : null,
      "regexCheck" : null,
      "hint" : null,
      "defaultValue" : null,
      "indexed" : false,
      "listed" : false,
      "fixed" : false,
      "readOnly" : false,
      "searchable" : false,
      "unique" : false,
      "modDate" : "2024-07-24T15:19:42.000+00:00",
      "map" : {
        "fieldSortOrder" : 1,
        "fieldHint" : null,
        "fieldName" : "fields-1",
        "fieldFieldType" : "column",
        "fieldRegexCheck" : null,
        "fieldRelationType" : null,
        "fieldVelocityVarName" : "fields1",
        "defaultValue" : null,
        "fieldFixed" : false,
        "fieldIndexed" : false,
        "fieldSearchable" : false,
        "fieldValues" : "",
        "fieldListed" : false,
        "fieldContentlet" : "system_field",
        "inode" : "a96499f87d594f8ec3d92f61c95de03a",
        "fieldStructureVarName" : "BlogAuthor",
        "fieldRequired" : false,
        "fieldReadOnly" : false,
        "fieldUnique" : false,
        "fieldStructureInode" : "b930f036cd113d7be0e757da5c98dbe0"
      },
      "dataType" : "system_field",
      "live" : false,
      "locked" : false,
      "new" : false,
      "archived" : false,
      "title" : "",
      "working" : false,
      "modUser" : "",
      "versionType" : "field",
      "parentPermissionable" : null,
      "permissionId" : "a96499f87d594f8ec3d92f61c95de03a",
      "permissionType" : "com.dotmarketing.portlets.structure.model.Field",
      "categoryId" : "a96499f87d594f8ec3d92f61c95de03a",
      "versionId" : "a96499f87d594f8ec3d92f61c95de03a",
      "idate" : "2024-07-08T08:54:39.000+00:00"
    }, {
      "iDate" : "2024-07-08T08:55:30.000+00:00",
      "type" : "field",
      "owner" : null,
      "inode" : "8b945945785d7f3d13e564c2925399b4",
      "identifier" : "8b945945785d7f3d13e564c2925399b4",
      "structureInode" : "b930f036cd113d7be0e757da5c98dbe0",
      "fieldName" : "Title",
      "fieldType" : "text",
      "fieldRelationType" : null,
      "fieldContentlet" : "text1",
      "required" : false,
      "velocityVarName" : "title",
      "sortOrder" : 2,
      "values" : null,
      "regexCheck" : null,
      "hint" : null,
      "defaultValue" : null,
      "indexed" : true,
      "listed" : true,
      "fixed" : false,
      "readOnly" : false,
      "searchable" : false,
      "unique" : false,
      "modDate" : "2024-07-24T15:19:42.000+00:00",
      "map" : {
        "fieldSortOrder" : 2,
        "fieldHint" : null,
        "fieldName" : "Title",
        "fieldFieldType" : "text",
        "fieldRegexCheck" : null,
        "fieldRelationType" : null,
        "fieldVelocityVarName" : "title",
        "defaultValue" : null,
        "fieldFixed" : false,
        "fieldIndexed" : true,
        "fieldSearchable" : false,
        "fieldValues" : "",
        "fieldListed" : true,
        "fieldContentlet" : "text1",
        "inode" : "8b945945785d7f3d13e564c2925399b4",
        "fieldStructureVarName" : "BlogAuthor",
        "fieldRequired" : false,
        "fieldReadOnly" : false,
        "fieldUnique" : false,
        "fieldStructureInode" : "b930f036cd113d7be0e757da5c98dbe0"
      },
      "dataType" : "text",
      "live" : false,
      "locked" : false,
      "new" : false,
      "archived" : false,
      "title" : "",
      "working" : false,
      "modUser" : "",
      "versionType" : "field",
      "parentPermissionable" : null,
      "permissionId" : "8b945945785d7f3d13e564c2925399b4",
      "permissionType" : "com.dotmarketing.portlets.structure.model.Field",
      "categoryId" : "8b945945785d7f3d13e564c2925399b4",
      "versionId" : "8b945945785d7f3d13e564c2925399b4",
      "idate" : "2024-07-08T08:55:30.000+00:00"
    }, {
      "iDate" : "2024-07-08T08:55:52.000+00:00",
      "type" : "field",
      "owner" : null,
      "inode" : "d2c9256573006e677f9cb444fa0220a2",
      "identifier" : "d2c9256573006e677f9cb444fa0220a2",
      "structureInode" : "b930f036cd113d7be0e757da5c98dbe0",
      "fieldName" : "Name",
      "fieldType" : "text",
      "fieldRelationType" : null,
      "fieldContentlet" : "text2",
      "required" : true,
      "velocityVarName" : "name",
      "sortOrder" : 3,
      "values" : null,
      "regexCheck" : null,
      "hint" : "Full name of the author",
      "defaultValue" : null,
      "indexed" : false,
      "listed" : false,
      "fixed" : false,
      "readOnly" : false,
      "searchable" : false,
      "unique" : false,
      "modDate" : "2024-07-24T15:19:42.000+00:00",
      "map" : {
        "fieldSortOrder" : 3,
        "fieldHint" : "Full name of the author",
        "fieldName" : "Name",
        "fieldFieldType" : "text",
        "fieldRegexCheck" : null,
        "fieldRelationType" : null,
        "fieldVelocityVarName" : "name",
        "defaultValue" : null,
        "fieldFixed" : false,
        "fieldIndexed" : false,
        "fieldSearchable" : false,
        "fieldValues" : "",
        "fieldListed" : false,
        "fieldContentlet" : "text2",
        "inode" : "d2c9256573006e677f9cb444fa0220a2",
        "fieldStructureVarName" : "BlogAuthor",
        "fieldRequired" : true,
        "fieldReadOnly" : false,
        "fieldUnique" : false,
        "fieldStructureInode" : "b930f036cd113d7be0e757da5c98dbe0"
      },
      "dataType" : "text",
      "live" : false,
      "locked" : false,
      "new" : false,
      "archived" : false,
      "title" : "",
      "working" : false,
      "modUser" : "",
      "versionType" : "field",
      "parentPermissionable" : null,
      "permissionId" : "d2c9256573006e677f9cb444fa0220a2",
      "permissionType" : "com.dotmarketing.portlets.structure.model.Field",
      "categoryId" : "d2c9256573006e677f9cb444fa0220a2",
      "versionId" : "d2c9256573006e677f9cb444fa0220a2",
      "idate" : "2024-07-08T08:55:52.000+00:00"
    }, {
      "iDate" : "2024-07-08T08:56:51.000+00:00",
      "type" : "field",
      "owner" : null,
      "inode" : "9d0f07ab670461b0989261ebde79a6f0",
      "identifier" : "9d0f07ab670461b0989261ebde79a6f0",
      "structureInode" : "b930f036cd113d7be0e757da5c98dbe0",
      "fieldName" : "Role",
      "fieldType" : "text",
      "fieldRelationType" : null,
      "fieldContentlet" : "text3",
      "required" : true,
      "velocityVarName" : "role",
      "sortOrder" : 4,
      "values" : null,
      "regexCheck" : null,
      "hint" : "Role of the author",
      "defaultValue" : null,
      "indexed" : false,
      "listed" : false,
      "fixed" : false,
      "readOnly" : false,
      "searchable" : false,
      "unique" : false,
      "modDate" : "2024-07-24T15:19:42.000+00:00",
      "map" : {
        "fieldSortOrder" : 4,
        "fieldHint" : "Role of the author",
        "fieldName" : "Role",
        "fieldFieldType" : "text",
        "fieldRegexCheck" : null,
        "fieldRelationType" : null,
        "fieldVelocityVarName" : "role",
        "defaultValue" : null,
        "fieldFixed" : false,
        "fieldIndexed" : false,
        "fieldSearchable" : false,
        "fieldValues" : "",
        "fieldListed" : false,
        "fieldContentlet" : "text3",
        "inode" : "9d0f07ab670461b0989261ebde79a6f0",
        "fieldStructureVarName" : "BlogAuthor",
        "fieldRequired" : true,
        "fieldReadOnly" : false,
        "fieldUnique" : false,
        "fieldStructureInode" : "b930f036cd113d7be0e757da5c98dbe0"
      },
      "dataType" : "text",
      "live" : false,
      "locked" : false,
      "new" : false,
      "archived" : false,
      "title" : "",
      "working" : false,
      "modUser" : "",
      "versionType" : "field",
      "parentPermissionable" : null,
      "permissionId" : "9d0f07ab670461b0989261ebde79a6f0",
      "permissionType" : "com.dotmarketing.portlets.structure.model.Field",
      "categoryId" : "9d0f07ab670461b0989261ebde79a6f0",
      "versionId" : "9d0f07ab670461b0989261ebde79a6f0",
      "idate" : "2024-07-08T08:56:51.000+00:00"
    } ],
    "map" : {
      "permissionId" : "b930f036cd113d7be0e757da5c98dbe0",
      "modDate" : "2024-07-24T15:19:42.000+00:00",
      "HTMLPageAsset" : false,
      "widget" : false,
      "icon" : "emoji_people",
      "pagedetail" : null,
      "description" : "Content Type definition for blog authors.",
      "type" : "structure",
      "title" : "",
      "velocityVarName" : "BlogAuthor",
      "content" : true,
      "expireDateVar" : null,
      "inode" : "b930f036cd113d7be0e757da5c98dbe0",
      "archived" : false,
      "host" : false,
      "working" : false,
      "locked" : false,
      "live" : false,
      "iDate" : "2024-07-08T08:54:39.000+00:00",
      "versionType" : "structure",
      "owner" : null,
      "identifier" : "b930f036cd113d7be0e757da5c98dbe0",
      "new" : false,
      "permissionType" : "com.dotmarketing.portlets.structure.model.Structure",
      "defaultStructure" : false,
      "persona" : false,
      "fileAsset" : false,
      "urlMapPattern" : null,
      "IDate" : "2024-07-08T08:54:39.000+00:00",
      "versionId" : "b930f036cd113d7be0e757da5c98dbe0",
      "folder" : "SYSTEM_FOLDER",
      "system" : false,
      "form" : false,
      "publishDateVar" : null,
      "parentPermissionable" : true,
      "reviewInterval" : null,
      "structureType" : 1,
      "sortOrder" : 0,
      "modUser" : "",
      "name" : "Blog Author",
      "detailPage" : null,
      "fixed" : false,
      "categoryId" : "b930f036cd113d7be0e757da5c98dbe0",
      "reviewerRole" : null
    },
    "content" : true,
    "fileAsset" : false,
    "persona" : false,
    "form" : false,
    "detailPage" : null,
    "fieldsBySortOrder" : [ {
      "iDate" : "2024-07-08T08:54:39.000+00:00",
      "type" : "field",
      "owner" : null,
      "inode" : "77d4cae3a1c3d4a220ab6fc06fcfb5a8",
      "identifier" : "77d4cae3a1c3d4a220ab6fc06fcfb5a8",
      "structureInode" : "b930f036cd113d7be0e757da5c98dbe0",
      "fieldName" : "fields-0",
      "fieldType" : "row",
      "fieldRelationType" : null,
      "fieldContentlet" : "system_field",
      "required" : false,
      "velocityVarName" : "fields0",
      "sortOrder" : 0,
      "values" : null,
      "regexCheck" : null,
      "hint" : null,
      "defaultValue" : null,
      "indexed" : false,
      "listed" : false,
      "fixed" : false,
      "readOnly" : false,
      "searchable" : false,
      "unique" : false,
      "modDate" : "2024-07-24T15:19:42.000+00:00",
      "map" : {
        "fieldSortOrder" : 0,
        "fieldHint" : null,
        "fieldName" : "fields-0",
        "fieldFieldType" : "row",
        "fieldRegexCheck" : null,
        "fieldRelationType" : null,
        "fieldVelocityVarName" : "fields0",
        "defaultValue" : null,
        "fieldFixed" : false,
        "fieldIndexed" : false,
        "fieldSearchable" : false,
        "fieldValues" : "",
        "fieldListed" : false,
        "fieldContentlet" : "system_field",
        "inode" : "77d4cae3a1c3d4a220ab6fc06fcfb5a8",
        "fieldStructureVarName" : "BlogAuthor",
        "fieldRequired" : false,
        "fieldReadOnly" : false,
        "fieldUnique" : false,
        "fieldStructureInode" : "b930f036cd113d7be0e757da5c98dbe0"
      },
      "dataType" : "system_field",
      "live" : false,
      "locked" : false,
      "new" : false,
      "archived" : false,
      "title" : "",
      "working" : false,
      "modUser" : "",
      "versionType" : "field",
      "parentPermissionable" : null,
      "permissionId" : "77d4cae3a1c3d4a220ab6fc06fcfb5a8",
      "permissionType" : "com.dotmarketing.portlets.structure.model.Field",
      "categoryId" : "77d4cae3a1c3d4a220ab6fc06fcfb5a8",
      "versionId" : "77d4cae3a1c3d4a220ab6fc06fcfb5a8",
      "idate" : "2024-07-08T08:54:39.000+00:00"
    }, {
      "iDate" : "2024-07-08T08:54:39.000+00:00",
      "type" : "field",
      "owner" : null,
      "inode" : "a96499f87d594f8ec3d92f61c95de03a",
      "identifier" : "a96499f87d594f8ec3d92f61c95de03a",
      "structureInode" : "b930f036cd113d7be0e757da5c98dbe0",
      "fieldName" : "fields-1",
      "fieldType" : "column",
      "fieldRelationType" : null,
      "fieldContentlet" : "system_field",
      "required" : false,
      "velocityVarName" : "fields1",
      "sortOrder" : 1,
      "values" : null,
      "regexCheck" : null,
      "hint" : null,
      "defaultValue" : null,
      "indexed" : false,
      "listed" : false,
      "fixed" : false,
      "readOnly" : false,
      "searchable" : false,
      "unique" : false,
      "modDate" : "2024-07-24T15:19:42.000+00:00",
      "map" : {
        "fieldSortOrder" : 1,
        "fieldHint" : null,
        "fieldName" : "fields-1",
        "fieldFieldType" : "column",
        "fieldRegexCheck" : null,
        "fieldRelationType" : null,
        "fieldVelocityVarName" : "fields1",
        "defaultValue" : null,
        "fieldFixed" : false,
        "fieldIndexed" : false,
        "fieldSearchable" : false,
        "fieldValues" : "",
        "fieldListed" : false,
        "fieldContentlet" : "system_field",
        "inode" : "a96499f87d594f8ec3d92f61c95de03a",
        "fieldStructureVarName" : "BlogAuthor",
        "fieldRequired" : false,
        "fieldReadOnly" : false,
        "fieldUnique" : false,
        "fieldStructureInode" : "b930f036cd113d7be0e757da5c98dbe0"
      },
      "dataType" : "system_field",
      "live" : false,
      "locked" : false,
      "new" : false,
      "archived" : false,
      "title" : "",
      "working" : false,
      "modUser" : "",
      "versionType" : "field",
      "parentPermissionable" : null,
      "permissionId" : "a96499f87d594f8ec3d92f61c95de03a",
      "permissionType" : "com.dotmarketing.portlets.structure.model.Field",
      "categoryId" : "a96499f87d594f8ec3d92f61c95de03a",
      "versionId" : "a96499f87d594f8ec3d92f61c95de03a",
      "idate" : "2024-07-08T08:54:39.000+00:00"
    }, {
      "iDate" : "2024-07-08T08:55:30.000+00:00",
      "type" : "field",
      "owner" : null,
      "inode" : "8b945945785d7f3d13e564c2925399b4",
      "identifier" : "8b945945785d7f3d13e564c2925399b4",
      "structureInode" : "b930f036cd113d7be0e757da5c98dbe0",
      "fieldName" : "Title",
      "fieldType" : "text",
      "fieldRelationType" : null,
      "fieldContentlet" : "text1",
      "required" : false,
      "velocityVarName" : "title",
      "sortOrder" : 2,
      "values" : null,
      "regexCheck" : null,
      "hint" : null,
      "defaultValue" : null,
      "indexed" : true,
      "listed" : true,
      "fixed" : false,
      "readOnly" : false,
      "searchable" : false,
      "unique" : false,
      "modDate" : "2024-07-24T15:19:42.000+00:00",
      "map" : {
        "fieldSortOrder" : 2,
        "fieldHint" : null,
        "fieldName" : "Title",
        "fieldFieldType" : "text",
        "fieldRegexCheck" : null,
        "fieldRelationType" : null,
        "fieldVelocityVarName" : "title",
        "defaultValue" : null,
        "fieldFixed" : false,
        "fieldIndexed" : true,
        "fieldSearchable" : false,
        "fieldValues" : "",
        "fieldListed" : true,
        "fieldContentlet" : "text1",
        "inode" : "8b945945785d7f3d13e564c2925399b4",
        "fieldStructureVarName" : "BlogAuthor",
        "fieldRequired" : false,
        "fieldReadOnly" : false,
        "fieldUnique" : false,
        "fieldStructureInode" : "b930f036cd113d7be0e757da5c98dbe0"
      },
      "dataType" : "text",
      "live" : false,
      "locked" : false,
      "new" : false,
      "archived" : false,
      "title" : "",
      "working" : false,
      "modUser" : "",
      "versionType" : "field",
      "parentPermissionable" : null,
      "permissionId" : "8b945945785d7f3d13e564c2925399b4",
      "permissionType" : "com.dotmarketing.portlets.structure.model.Field",
      "categoryId" : "8b945945785d7f3d13e564c2925399b4",
      "versionId" : "8b945945785d7f3d13e564c2925399b4",
      "idate" : "2024-07-08T08:55:30.000+00:00"
    }, {
      "iDate" : "2024-07-08T08:55:52.000+00:00",
      "type" : "field",
      "owner" : null,
      "inode" : "d2c9256573006e677f9cb444fa0220a2",
      "identifier" : "d2c9256573006e677f9cb444fa0220a2",
      "structureInode" : "b930f036cd113d7be0e757da5c98dbe0",
      "fieldName" : "Name",
      "fieldType" : "text",
      "fieldRelationType" : null,
      "fieldContentlet" : "text2",
      "required" : true,
      "velocityVarName" : "name",
      "sortOrder" : 3,
      "values" : null,
      "regexCheck" : null,
      "hint" : "Full name of the author",
      "defaultValue" : null,
      "indexed" : false,
      "listed" : false,
      "fixed" : false,
      "readOnly" : false,
      "searchable" : false,
      "unique" : false,
      "modDate" : "2024-07-24T15:19:42.000+00:00",
      "map" : {
        "fieldSortOrder" : 3,
        "fieldHint" : "Full name of the author",
        "fieldName" : "Name",
        "fieldFieldType" : "text",
        "fieldRegexCheck" : null,
        "fieldRelationType" : null,
        "fieldVelocityVarName" : "name",
        "defaultValue" : null,
        "fieldFixed" : false,
        "fieldIndexed" : false,
        "fieldSearchable" : false,
        "fieldValues" : "",
        "fieldListed" : false,
        "fieldContentlet" : "text2",
        "inode" : "d2c9256573006e677f9cb444fa0220a2",
        "fieldStructureVarName" : "BlogAuthor",
        "fieldRequired" : true,
        "fieldReadOnly" : false,
        "fieldUnique" : false,
        "fieldStructureInode" : "b930f036cd113d7be0e757da5c98dbe0"
      },
      "dataType" : "text",
      "live" : false,
      "locked" : false,
      "new" : false,
      "archived" : false,
      "title" : "",
      "working" : false,
      "modUser" : "",
      "versionType" : "field",
      "parentPermissionable" : null,
      "permissionId" : "d2c9256573006e677f9cb444fa0220a2",
      "permissionType" : "com.dotmarketing.portlets.structure.model.Field",
      "categoryId" : "d2c9256573006e677f9cb444fa0220a2",
      "versionId" : "d2c9256573006e677f9cb444fa0220a2",
      "idate" : "2024-07-08T08:55:52.000+00:00"
    }, {
      "iDate" : "2024-07-08T08:56:51.000+00:00",
      "type" : "field",
      "owner" : null,
      "inode" : "9d0f07ab670461b0989261ebde79a6f0",
      "identifier" : "9d0f07ab670461b0989261ebde79a6f0",
      "structureInode" : "b930f036cd113d7be0e757da5c98dbe0",
      "fieldName" : "Role",
      "fieldType" : "text",
      "fieldRelationType" : null,
      "fieldContentlet" : "text3",
      "required" : true,
      "velocityVarName" : "role",
      "sortOrder" : 4,
      "values" : null,
      "regexCheck" : null,
      "hint" : "Role of the author",
      "defaultValue" : null,
      "indexed" : false,
      "listed" : false,
      "fixed" : false,
      "readOnly" : false,
      "searchable" : false,
      "unique" : false,
      "modDate" : "2024-07-24T15:19:42.000+00:00",
      "map" : {
        "fieldSortOrder" : 4,
        "fieldHint" : "Role of the author",
        "fieldName" : "Role",
        "fieldFieldType" : "text",
        "fieldRegexCheck" : null,
        "fieldRelationType" : null,
        "fieldVelocityVarName" : "role",
        "defaultValue" : null,
        "fieldFixed" : false,
        "fieldIndexed" : false,
        "fieldSearchable" : false,
        "fieldValues" : "",
        "fieldListed" : false,
        "fieldContentlet" : "text3",
        "inode" : "9d0f07ab670461b0989261ebde79a6f0",
        "fieldStructureVarName" : "BlogAuthor",
        "fieldRequired" : true,
        "fieldReadOnly" : false,
        "fieldUnique" : false,
        "fieldStructureInode" : "b930f036cd113d7be0e757da5c98dbe0"
      },
      "dataType" : "text",
      "live" : false,
      "locked" : false,
      "new" : false,
      "archived" : false,
      "title" : "",
      "working" : false,
      "modUser" : "",
      "versionType" : "field",
      "parentPermissionable" : null,
      "permissionId" : "9d0f07ab670461b0989261ebde79a6f0",
      "permissionType" : "com.dotmarketing.portlets.structure.model.Field",
      "categoryId" : "9d0f07ab670461b0989261ebde79a6f0",
      "versionId" : "9d0f07ab670461b0989261ebde79a6f0",
      "idate" : "2024-07-08T08:56:51.000+00:00"
    } ],
    "widget" : false,
    "htmlpageAsset" : false,
    "permissionId" : "b930f036cd113d7be0e757da5c98dbe0",
    "permissionType" : "com.dotmarketing.portlets.structure.model.Structure",
    "live" : false,
    "locked" : false,
    "new" : false,
    "archived" : false,
    "title" : "",
    "working" : false,
    "modUser" : "",
    "versionType" : "structure",
    "categoryId" : "b930f036cd113d7be0e757da5c98dbe0",
    "versionId" : "b930f036cd113d7be0e757da5c98dbe0",
    "idate" : "2024-07-08T08:54:39.000+00:00"
  }
} ]