[ {
  "id" : "07c9a325f189eea40df79f94cc04164a",
  "assetName" : "blog.html",
  "assetType" : "contentlet",
  "parentPath" : "/",
  "hostId" : "8a7d5e23-da1e-420a-b4f0-471e7da8ea2d",
  "sysPublishDate" : null,
  "sysExpireDate" : null,
  "owner" : "dotcms.org.1",
  "createDate" : "2024-07-08T09:37:13.665+00:00",
  "assetSubType" : "htmlpageasset",
  "parentPermissionable" : null
}, {
  "id" : "088f381370e1d125cf93bcb627e61fc9",
  "assetName" : "content.f0c8378c-fd3d-4074-9b87-6ea7efa34def",
  "assetType" : "contentlet",
  "parentPath" : "/",
  "hostId" : "8a7d5e23-da1e-420a-b4f0-471e7da8ea2d",
  "sysPublishDate" : null,
  "sysExpireDate" : null,
  "owner" : "dotcms.org.1",
  "createDate" : "2024-07-08T09:36:17.747+00:00",
  "assetSubType" : "VtlInclude",
  "parentPermissionable" : null
}, {
  "id" : "14eb90ce3a9a3c90d86179a8d15ad695",
  "assetName" : "index.html",
  "assetType" : "contentlet",
  "parentPath" : "/",
  "hostId" : "8a7d5e23-da1e-420a-b4f0-471e7da8ea2d",
  "sysPublishDate" : null,
  "sysExpireDate" : null,
  "owner" : "dotcms.org.1",
  "createDate" : "2024-07-08T09:31:17.013+00:00",
  "assetSubType" : "htmlpageasset",
  "parentPermissionable" : null
}, {
  "id" : "1e19befe5070a3971e71d3a538fb6cff",
  "assetName" : "content.ee52abe6-4b40-418b-971c-d626fc6cbb85",
  "assetType" : "contentlet",
  "parentPath" : "/",
  "hostId" : "8a7d5e23-da1e-420a-b4f0-471e7da8ea2d",
  "sysPublishDate" : null,
  "sysExpireDate" : null,
  "owner" : "dotcms.org.1",
  "createDate" : "2024-07-08T09:32:42.241+00:00",
  "assetSubType" : "VtlInclude",
  "parentPermissionable" : null
}, {
  "id" : "243f3016543a7c9a503d16ccd5e41c1b",
  "assetName" : "content.958b926e-678a-428a-86e7-e6d1632992a5",
  "assetType" : "contentlet",
  "parentPath" : "/",
  "hostId" : "8a7d5e23-da1e-420a-b4f0-471e7da8ea2d",
  "sysPublishDate" : null,
  "sysExpireDate" : null,
  "owner" : "dotcms.org.1",
  "createDate" : "2024-07-08T09:43:04.202+00:00",
  "assetSubType" : "BlogArticle",
  "parentPermissionable" : null
}, {
  "id" : "35bccd58d1a861cebd4958ecc198e0d0",
  "assetName" : "content.8dba5fe5-8e3e-4b75-889f-0c5b93163d66",
  "assetType" : "contentlet",
  "parentPath" : "/",
  "hostId" : "8a7d5e23-da1e-420a-b4f0-471e7da8ea2d",
  "sysPublishDate" : null,
  "sysExpireDate" : null,
  "owner" : "dotcms.org.1",
  "createDate" : "2024-07-08T09:41:24.228+00:00",
  "assetSubType" : "Image",
  "parentPermissionable" : null
}, {
  "id" : "457f483cb6d9dc70ccb793de9ba63102",
  "assetName" : "content.8b80552e-2c25-4e4a-8d94-61b667855dbf",
  "assetType" : "contentlet",
  "parentPath" : "/",
  "hostId" : "8a7d5e23-da1e-420a-b4f0-471e7da8ea2d",
  "sysPublishDate" : null,
  "sysExpireDate" : null,
  "owner" : "dotcms.org.1",
  "createDate" : "2024-07-08T09:40:30.823+00:00",
  "assetSubType" : "BlogAuthor",
  "parentPermissionable" : null
}, {
  "id" : "457ff8694636b012a5b4d649986ebcc3",
  "assetName" : "content.15acf433-0741-49c3-8908-913bef0612d1",
  "assetType" : "contentlet",
  "parentPath" : "/",
  "hostId" : "8a7d5e23-da1e-420a-b4f0-471e7da8ea2d",
  "sysPublishDate" : null,
  "sysExpireDate" : null,
  "owner" : "dotcms.org.1",
  "createDate" : "2024-07-08T09:35:44.777+00:00",
  "assetSubType" : "VtlInclude",
  "parentPermissionable" : null
}, {
  "id" : "5e39767cc1240e42ed8ce3743521522b",
  "assetName" : "content.2823f725-e499-41f6-a774-76fe37f329fb",
  "assetType" : "contentlet",
  "parentPath" : "/",
  "hostId" : "8a7d5e23-da1e-420a-b4f0-471e7da8ea2d",
  "sysPublishDate" : null,
  "sysExpireDate" : null,
  "owner" : "dotcms.org.1",
  "createDate" : "2024-07-08T09:36:01.908+00:00",
  "assetSubType" : "VtlInclude",
  "parentPermissionable" : null
}, {
  "id" : "8a7d5e23-da1e-420a-b4f0-471e7da8ea2d",
  "assetName" : "content.ff462f88-d9e1-4d31-b084-b73cb61976d3",
  "assetType" : "contentlet",
  "parentPath" : "/",
  "hostId" : "SYSTEM_HOST",
  "sysPublishDate" : null,
  "sysExpireDate" : null,
  "owner" : "dotcms.org.1",
  "createDate" : "2017-12-05T18:37:15.000+00:00",
  "assetSubType" : "Host",
  "parentPermissionable" : null
}, {
  "id" : "95f6721c7b49084c184869c64e233c0a",
  "assetName" : "content.f39ed967-0d27-4da0-ac8d-e2f329ae09d4",
  "assetType" : "contentlet",
  "parentPath" : "/",
  "hostId" : "8a7d5e23-da1e-420a-b4f0-471e7da8ea2d",
  "sysPublishDate" : null,
  "sysExpireDate" : null,
  "owner" : "dotcms.org.1",
  "createDate" : "2024-07-08T09:44:17.324+00:00",
  "assetSubType" : "Product",
  "parentPermissionable" : null
}, {
  "id" : "a083e942-5fb0-47ef-9619-6f8f40593474",
  "assetName" : "content.52f6c0e2-7978-483b-a0a2-c589044db9e7",
  "assetType" : "contentlet",
  "parentPath" : "/",
  "hostId" : "SYSTEM_HOST",
  "sysPublishDate" : null,
  "sysExpireDate" : null,
  "owner" : "system",
  "createDate" : "2021-06-14T21:32:16.811+00:00",
  "assetSubType" : "DotAsset",
  "parentPermissionable" : null
}, {
  "id" : "c1cf8faddc21d5f15b6b776f09b7e41e",
  "assetName" : "content.6fe8bc45-e51c-4728-9cbb-ebd615b5e1b5",
  "assetType" : "contentlet",
  "parentPath" : "/",
  "hostId" : "8a7d5e23-da1e-420a-b4f0-471e7da8ea2d",
  "sysPublishDate" : null,
  "sysExpireDate" : null,
  "owner" : "dotcms.org.1",
  "createDate" : "2024-07-08T09:41:51.305+00:00",
  "assetSubType" : "Image",
  "parentPermissionable" : null
}, {
  "id" : "d2abd1d63830eb45b1cc56fae26dc1d8",
  "assetName" : "d2abd1d63830eb45b1cc56fae26dc1d8.template",
  "assetType" : "template",
  "parentPath" : "/",
  "hostId" : "8a7d5e23-da1e-420a-b4f0-471e7da8ea2d",
  "sysPublishDate" : null,
  "sysExpireDate" : null,
  "owner" : "dotcms.org.1",
  "createDate" : "2024-07-08T09:15:38.467+00:00",
  "assetSubType" : null,
  "parentPermissionable" : null
}, {
  "id" : "d630e38211d270de9c080148b3617751",
  "assetName" : "products.html",
  "assetType" : "contentlet",
  "parentPath" : "/",
  "hostId" : "8a7d5e23-da1e-420a-b4f0-471e7da8ea2d",
  "sysPublishDate" : null,
  "sysExpireDate" : null,
  "owner" : "dotcms.org.1",
  "createDate" : "2024-07-08T09:38:09.940+00:00",
  "assetSubType" : "htmlpageasset",
  "parentPermissionable" : null
}, {
  "id" : "debdc58c213ddd1e232f2d811704ccdc",
  "assetName" : "application",
  "assetType" : "folder",
  "parentPath" : "/",
  "hostId" : "8a7d5e23-da1e-420a-b4f0-471e7da8ea2d",
  "sysPublishDate" : null,
  "sysExpireDate" : null,
  "owner" : "dotcms.org.1",
  "createDate" : "2024-07-08T09:10:55.135+00:00",
  "assetSubType" : null,
  "parentPermissionable" : null
}, {
  "id" : "f9bea8b1f32963c609b829c4b302be4e",
  "assetName" : "content.75255829-6ffe-4bfd-8f21-7f48084fc5ef",
  "assetType" : "contentlet",
  "parentPath" : "/",
  "hostId" : "8a7d5e23-da1e-420a-b4f0-471e7da8ea2d",
  "sysPublishDate" : null,
  "sysExpireDate" : null,
  "owner" : "dotcms.org.1",
  "createDate" : "2024-07-08T09:35:21.318+00:00",
  "assetSubType" : "VtlInclude",
  "parentPermissionable" : null
}, {
  "id" : "SYSTEM_HOST",
  "assetName" : "system host",
  "assetType" : "contentlet",
  "parentPath" : "/",
  "hostId" : "SYSTEM_HOST",
  "sysPublishDate" : null,
  "sysExpireDate" : null,
  "owner" : "system",
  "createDate" : "2009-11-17T12:55:33.000+00:00",
  "assetSubType" : "Host",
  "parentPermissionable" : null
}, {
  "id" : "41e3c7a4b43ec09f3c29d6ee1fdc9668",
  "assetName" : "vtl",
  "assetType" : "folder",
  "parentPath" : "/application/",
  "hostId" : "8a7d5e23-da1e-420a-b4f0-471e7da8ea2d",
  "sysPublishDate" : null,
  "sysExpireDate" : null,
  "owner" : "dotcms.org.1",
  "createDate" : "2024-07-08T09:11:25.199+00:00",
  "assetSubType" : null,
  "parentPermissionable" : null
}, {
  "id" : "7c5d41b80f8ccc5ccf34bb0f769a390b",
  "assetName" : "css",
  "assetType" : "folder",
  "parentPath" : "/application/",
  "hostId" : "8a7d5e23-da1e-420a-b4f0-471e7da8ea2d",
  "sysPublishDate" : null,
  "sysExpireDate" : null,
  "owner" : "dotcms.org.1",
  "createDate" : "2024-07-08T09:11:16.026+00:00",
  "assetSubType" : null,
  "parentPermissionable" : null
}, {
  "id" : "be1959b250d7d0bdfd0b1cd64f86eed5",
  "assetName" : "output.css",
  "assetType" : "contentlet",
  "parentPath" : "/application/css/",
  "hostId" : "8a7d5e23-da1e-420a-b4f0-471e7da8ea2d",
  "sysPublishDate" : null,
  "sysExpireDate" : null,
  "owner" : "dotcms.org.1",
  "createDate" : "2024-07-08T09:12:10.046+00:00",
  "assetSubType" : "FileAsset",
  "parentPermissionable" : null
}, {
  "id" : "00e1ea8331588bdbd54fa5cf48b892ea",
  "assetName" : "custom-fields",
  "assetType" : "folder",
  "parentPath" : "/application/vtl/",
  "hostId" : "8a7d5e23-da1e-420a-b4f0-471e7da8ea2d",
  "sysPublishDate" : null,
  "sysExpireDate" : null,
  "owner" : "dotcms.org.1",
  "createDate" : "2024-07-08T09:12:31.080+00:00",
  "assetSubType" : null,
  "parentPermissionable" : null
}, {
  "id" : "38fb88d4d221565e584670106236eb1f",
  "assetName" : "products",
  "assetType" : "folder",
  "parentPath" : "/application/vtl/",
  "hostId" : "8a7d5e23-da1e-420a-b4f0-471e7da8ea2d",
  "sysPublishDate" : null,
  "sysExpireDate" : null,
  "owner" : "dotcms.org.1",
  "createDate" : "2024-07-08T09:12:42.088+00:00",
  "assetSubType" : null,
  "parentPermissionable" : null
}, {
  "id" : "66d7530ae728230c26d15dcff384e3f2",
  "assetName" : "landing",
  "assetType" : "folder",
  "parentPath" : "/application/vtl/",
  "hostId" : "8a7d5e23-da1e-420a-b4f0-471e7da8ea2d",
  "sysPublishDate" : null,
  "sysExpireDate" : null,
  "owner" : "dotcms.org.1",
  "createDate" : "2024-07-08T09:12:56.383+00:00",
  "assetSubType" : null,
  "parentPermissionable" : null
}, {
  "id" : "cd8525d36c55d3fc893659c30e264a68",
  "assetName" : "blog",
  "assetType" : "folder",
  "parentPath" : "/application/vtl/",
  "hostId" : "8a7d5e23-da1e-420a-b4f0-471e7da8ea2d",
  "sysPublishDate" : null,
  "sysExpireDate" : null,
  "owner" : "dotcms.org.1",
  "createDate" : "2024-07-08T09:12:48.750+00:00",
  "assetSubType" : null,
  "parentPermissionable" : null
}, {
  "id" : "06623dba9f36bc82780c3c0916344b57",
  "assetName" : "detail-page",
  "assetType" : "contentlet",
  "parentPath" : "/application/vtl/blog/",
  "hostId" : "8a7d5e23-da1e-420a-b4f0-471e7da8ea2d",
  "sysPublishDate" : null,
  "sysExpireDate" : null,
  "owner" : "dotcms.org.1",
  "createDate" : "2024-07-08T09:20:26.267+00:00",
  "assetSubType" : "htmlpageasset",
  "parentPermissionable" : null
}, {
  "id" : "414645dad305d34a182a4a53ed6e8cf9",
  "assetName" : "render-blog-article.vtl",
  "assetType" : "contentlet",
  "parentPath" : "/application/vtl/blog/",
  "hostId" : "8a7d5e23-da1e-420a-b4f0-471e7da8ea2d",
  "sysPublishDate" : null,
  "sysExpireDate" : null,
  "owner" : "dotcms.org.1",
  "createDate" : "2024-07-08T09:19:55.616+00:00",
  "assetSubType" : "FileAsset",
  "parentPermissionable" : null
}, {
  "id" : "e00b97e8a8a64295544ac8419fb1cd90",
  "assetName" : "render-blog-articles.vtl",
  "assetType" : "contentlet",
  "parentPath" : "/application/vtl/blog/",
  "hostId" : "8a7d5e23-da1e-420a-b4f0-471e7da8ea2d",
  "sysPublishDate" : null,
  "sysExpireDate" : null,
  "owner" : "dotcms.org.1",
  "createDate" : "2024-07-08T09:19:30.332+00:00",
  "assetSubType" : "FileAsset",
  "parentPermissionable" : null
}, {
  "id" : "0be679b997aa296b5ab9252b31e49c46",
  "assetName" : "url-filename.vtl",
  "assetType" : "contentlet",
  "parentPath" : "/application/vtl/custom-fields/",
  "hostId" : "8a7d5e23-da1e-420a-b4f0-471e7da8ea2d",
  "sysPublishDate" : null,
  "sysExpireDate" : null,
  "owner" : "dotcms.org.1",
  "createDate" : "2024-07-08T09:13:30.467+00:00",
  "assetSubType" : "FileAsset",
  "parentPermissionable" : null
}, {
  "id" : "4195ef1730c726e049e685ddf5f2beaa",
  "assetName" : "render-main-content.vtl",
  "assetType" : "contentlet",
  "parentPath" : "/application/vtl/landing/",
  "hostId" : "8a7d5e23-da1e-420a-b4f0-471e7da8ea2d",
  "sysPublishDate" : null,
  "sysExpireDate" : null,
  "owner" : "dotcms.org.1",
  "createDate" : "2024-07-08T09:14:06.017+00:00",
  "assetSubType" : "FileAsset",
  "parentPermissionable" : null
}, {
  "id" : "24b0f9853f149f6724f80b9323de3a28",
  "assetName" : "render-products.vtl",
  "assetType" : "contentlet",
  "parentPath" : "/application/vtl/products/",
  "hostId" : "8a7d5e23-da1e-420a-b4f0-471e7da8ea2d",
  "sysPublishDate" : null,
  "sysExpireDate" : null,
  "owner" : "dotcms.org.1",
  "createDate" : "2024-07-08T09:18:57.311+00:00",
  "assetSubType" : "FileAsset",
  "parentPermissionable" : null
}, {
  "id" : "79ece73b3ab0fda5422e2edeb8e2d9e8",
  "assetName" : "detail-page",
  "assetType" : "contentlet",
  "parentPath" : "/application/vtl/products/",
  "hostId" : "8a7d5e23-da1e-420a-b4f0-471e7da8ea2d",
  "sysPublishDate" : null,
  "sysExpireDate" : null,
  "owner" : "dotcms.org.1",
  "createDate" : "2024-07-08T09:18:00.411+00:00",
  "assetSubType" : "htmlpageasset",
  "parentPermissionable" : null
}, {
  "id" : "d8137f17fa5cb336a0a9284ab6798e83",
  "assetName" : "render-product.vtl",
  "assetType" : "contentlet",
  "parentPath" : "/application/vtl/products/",
  "hostId" : "8a7d5e23-da1e-420a-b4f0-471e7da8ea2d",
  "sysPublishDate" : null,
  "sysExpireDate" : null,
  "owner" : "dotcms.org.1",
  "createDate" : "2024-07-08T09:14:41.567+00:00",
  "assetSubType" : "FileAsset",
  "parentPermissionable" : null
}, {
  "id" : "bc9a1d37-dd2d-4d49-a29d-0c9be740bfaf",
  "assetName" : "system folder",
  "assetType" : "folder",
  "parentPath" : "/System folder",
  "hostId" : "SYSTEM_HOST",
  "sysPublishDate" : null,
  "sysExpireDate" : null,
  "owner" : "system",
  "createDate" : "2009-10-08T16:27:18.000+00:00",
  "assetSubType" : null,
  "parentPermissionable" : null
} ]