[ {
  "relationType" : "dotParser_1720430149678",
  "treeOrder" : 0,
  "personalization" : "dot:default",
  "variantId" : "DEFAULT",
  "container" : "SYSTEM_CONTAINER",
  "contentlet" : "088f381370e1d125cf93bcb627e61fc9",
  "htmlPage" : "06623dba9f36bc82780c3c0916344b57"
}, {
  "relationType" : "dotParser_1720430149678",
  "treeOrder" : 0,
  "personalization" : "dot:default",
  "variantId" : "DEFAULT",
  "container" : "SYSTEM_CONTAINER",
  "contentlet" : "5e39767cc1240e42ed8ce3743521522b",
  "htmlPage" : "07c9a325f189eea40df79f94cc04164a"
}, {
  "relationType" : "dotParser_1720430149678",
  "treeOrder" : 0,
  "personalization" : "dot:default",
  "variantId" : "DEFAULT",
  "container" : "SYSTEM_CONTAINER",
  "contentlet" : "1e19befe5070a3971e71d3a538fb6cff",
  "htmlPage" : "14eb90ce3a9a3c90d86179a8d15ad695"
}, {
  "relationType" : "dotParser_1720430149678",
  "treeOrder" : 0,
  "personalization" : "dot:default",
  "variantId" : "DEFAULT",
  "container" : "SYSTEM_CONTAINER",
  "contentlet" : "457ff8694636b012a5b4d649986ebcc3",
  "htmlPage" : "79ece73b3ab0fda5422e2edeb8e2d9e8"
}, {
  "relationType" : "dotParser_1720430149678",
  "treeOrder" : 0,
  "personalization" : "dot:default",
  "variantId" : "DEFAULT",
  "container" : "SYSTEM_CONTAINER",
  "contentlet" : "f9bea8b1f32963c609b829c4b302be4e",
  "htmlPage" : "d630e38211d270de9c080148b3617751"
} ]