[ {
  "id" : "019effab-1092-4b4f-af0e-e2d80d59bd64",
  "portletId" : "vanity-urls",
  "layoutId" : "89594b95-1354-4a63-8867-c922880107df",
  "portletOrder" : 2
}, {
  "id" : "0598f8e7-4464-4f10-aa5c-0d419c940b88",
  "portletId" : "vanity-urls",
  "layoutId" : "b7ab5d3c-5ee0-4195-a17e-8f5579d718dd",
  "portletOrder" : 5
}, {
  "id" : "075a9bea-349f-4689-bff5-474e8aa3b2c9",
  "portletId" : "pages",
  "layoutId" : "b7ab5d3c-5ee0-4195-a17e-8f5579d718dd",
  "portletOrder" : 2
}, {
  "id" : "0bf4fe67-e1ce-42ea-b1d8-ce2f7f5b1c40",
  "portletId" : "graphql",
  "layoutId" : "aa91172e-0fa6-482e-9a8b-1c202c7fca0e",
  "portletOrder" : 2
}, {
  "id" : "136d57e9-7c3c-438a-ab5e-ea8ff54b3222",
  "portletId" : "containers",
  "layoutId" : "b7ab5d3c-5ee0-4195-a17e-8f5579d718dd",
  "portletOrder" : 3
}, {
  "id" : "1681eac2-6e2a-40cd-bf1f-457cac2b15ca",
  "portletId" : "dynamic-plugins",
  "layoutId" : "aa91172e-0fa6-482e-9a8b-1c202c7fca0e",
  "portletOrder" : 7
}, {
  "id" : "16a491ee-af57-451a-9642-7c7f72b9f856",
  "portletId" : "c_Product_list",
  "layoutId" : "71b8a1ca-37b6-4b6e-a43b-c7482f28db6c",
  "portletOrder" : 2
}, {
  "id" : "2563a495-7be6-42b4-9be0-0e2877c3980f",
  "portletId" : "c_VTL-Include_list",
  "layoutId" : "71b8a1ca-37b6-4b6e-a43b-c7482f28db6c",
  "portletOrder" : 5
}, {
  "id" : "300793ee-af5a-4ed9-908f-1d290fb43f47",
  "portletId" : "apps",
  "layoutId" : "a8e430e3-8010-40cf-ade1-5978e61241a8",
  "portletOrder" : 3
}, {
  "id" : "3150d910-b03b-4e98-9dc9-e57e7fddd277",
  "portletId" : "configuration",
  "layoutId" : "a8e430e3-8010-40cf-ade1-5978e61241a8",
  "portletOrder" : 7
}, {
  "id" : "3ffe7949-943b-4b53-bba9-f9bafb9af409",
  "portletId" : "c_Blog-Article_list",
  "layoutId" : "71b8a1ca-37b6-4b6e-a43b-c7482f28db6c",
  "portletOrder" : 3
}, {
  "id" : "4534d7e5-ff3d-460c-8652-e2799a1e3324",
  "portletId" : "publishing-queue",
  "layoutId" : "5e23353d-76a1-4783-b94f-218adbfeba83",
  "portletOrder" : 1
}, {
  "id" : "45a02e51-8636-4450-81c6-ec0633310255",
  "portletId" : "roles",
  "layoutId" : "a8e430e3-8010-40cf-ade1-5978e61241a8",
  "portletOrder" : 5
}, {
  "id" : "4efb3c43-4e60-486d-b75c-d27e049a7162",
  "portletId" : "velocity_playground",
  "layoutId" : "aa91172e-0fa6-482e-9a8b-1c202c7fca0e",
  "portletOrder" : 6
}, {
  "id" : "56ee0580-07e6-4c67-ad56-5cfad0f19ca4",
  "portletId" : "dotai",
  "layoutId" : "aa91172e-0fa6-482e-9a8b-1c202c7fca0e",
  "portletOrder" : 8
}, {
  "id" : "5e7c833e-9907-4ecd-86fb-cf8052de2563",
  "portletId" : "tags",
  "layoutId" : "56fedb43-dbbf-4ce2-8b77-41fb73bad015",
  "portletOrder" : 3
}, {
  "id" : "5f35d4f7-40a8-48a7-b146-ddd7686ec5a5",
  "portletId" : "c_Blog-Author_list",
  "layoutId" : "71b8a1ca-37b6-4b6e-a43b-c7482f28db6c",
  "portletOrder" : 4
}, {
  "id" : "641ce5d9-267a-41e4-a9bc-b9208fa590d1",
  "portletId" : "site-browser",
  "layoutId" : "b7ab5d3c-5ee0-4195-a17e-8f5579d718dd",
  "portletOrder" : 1
}, {
  "id" : "719d9b05-72f6-4f92-a1e1-befe46949964",
  "portletId" : "api_playground",
  "layoutId" : "aa91172e-0fa6-482e-9a8b-1c202c7fca0e",
  "portletOrder" : 5
}, {
  "id" : "78567fe8-575d-4b8a-9918-36dcef22bdef",
  "portletId" : "categories",
  "layoutId" : "56fedb43-dbbf-4ce2-8b77-41fb73bad015",
  "portletOrder" : 2
}, {
  "id" : "7c68b652-a13b-41b2-a798-a6d1b5911bb8",
  "portletId" : "rules",
  "layoutId" : "a8e430e3-8010-40cf-ade1-5978e61241a8",
  "portletOrder" : 2
}, {
  "id" : "82e02fd9-3b3e-4384-a606-a479d5c83cac",
  "portletId" : "es-search",
  "layoutId" : "aa91172e-0fa6-482e-9a8b-1c202c7fca0e",
  "portletOrder" : 4
}, {
  "id" : "8a66ce65-878f-4ff3-9c2f-9d577ff0d69f",
  "portletId" : "rules",
  "layoutId" : "89594b95-1354-4a63-8867-c922880107df",
  "portletOrder" : 1
}, {
  "id" : "8b50bd66-2193-4c75-bbf9-b0f7c54712ff",
  "portletId" : "site-browser",
  "layoutId" : "931f0b26-92c1-420b-8fbf-e48089040921",
  "portletOrder" : 1
}, {
  "id" : "8d5b286b-40d5-4065-8a13-d51fe912d674",
  "portletId" : "c_Images",
  "layoutId" : "8beec8db-dc13-4d90-9046-33eadb63c60d",
  "portletOrder" : 1
}, {
  "id" : "9b5eb897-b2b8-44f9-854f-61881da78504",
  "portletId" : "site-search",
  "layoutId" : "aa91172e-0fa6-482e-9a8b-1c202c7fca0e",
  "portletOrder" : 3
}, {
  "id" : "9e7e2695-48d4-4f35-ba71-9c7e9b9e9cf7",
  "portletId" : "languages",
  "layoutId" : "56fedb43-dbbf-4ce2-8b77-41fb73bad015",
  "portletOrder" : 5
}, {
  "id" : "a86c5a20-3bc8-42ea-9e21-700e02f25538",
  "portletId" : "users",
  "layoutId" : "a8e430e3-8010-40cf-ade1-5978e61241a8",
  "portletOrder" : 4
}, {
  "id" : "aba6e23a-f5db-4ec3-9f8d-302377a793e8",
  "portletId" : "starter",
  "layoutId" : "2df9f117-b140-44bf-93d7-5b10a36fb7f9",
  "portletOrder" : 1
}, {
  "id" : "abdf6431-271b-4e87-ac97-4879d91c023b",
  "portletId" : "time-machine",
  "layoutId" : "5e23353d-76a1-4783-b94f-218adbfeba83",
  "portletOrder" : 2
}, {
  "id" : "b8a6572c-9d34-4192-aa8a-ede979020d1f",
  "portletId" : "c_Videos",
  "layoutId" : "8beec8db-dc13-4d90-9046-33eadb63c60d",
  "portletOrder" : 2
}, {
  "id" : "b8e94db4-9572-4596-b3b0-ed9c0d5fd327",
  "portletId" : "sites",
  "layoutId" : "a8e430e3-8010-40cf-ade1-5978e61241a8",
  "portletOrder" : 1
}, {
  "id" : "bcf9d495-25e9-42e7-ad0d-77f1fcf640e2",
  "portletId" : "content",
  "layoutId" : "71b8a1ca-37b6-4b6e-a43b-c7482f28db6c",
  "portletOrder" : 1
}, {
  "id" : "bde01936-32a5-4be4-9b1d-59882a5ab466",
  "portletId" : "workflow-schemes",
  "layoutId" : "56fedb43-dbbf-4ce2-8b77-41fb73bad015",
  "portletOrder" : 4
}, {
  "id" : "c1181492-164f-419a-b3eb-96ecc6cad88e",
  "portletId" : "templates",
  "layoutId" : "b7ab5d3c-5ee0-4195-a17e-8f5579d718dd",
  "portletOrder" : 4
}, {
  "id" : "c81f98ca-ee1d-47dd-9982-a7b49d04ae54",
  "portletId" : "query-tool",
  "layoutId" : "aa91172e-0fa6-482e-9a8b-1c202c7fca0e",
  "portletOrder" : 1
}, {
  "id" : "d984d293-06ec-400a-8f25-a748227cf2cb",
  "portletId" : "publishing-queue",
  "layoutId" : "b7ab5d3c-5ee0-4195-a17e-8f5579d718dd",
  "portletOrder" : 6
}, {
  "id" : "e0f31f08-cbdf-44a2-841f-5221068f5b13",
  "portletId" : "c_Files",
  "layoutId" : "8beec8db-dc13-4d90-9046-33eadb63c60d",
  "portletOrder" : 3
}, {
  "id" : "e66fe0d5-2bff-496c-b377-9547f1837613",
  "portletId" : "forms",
  "layoutId" : "89594b95-1354-4a63-8867-c922880107df",
  "portletOrder" : 3
}, {
  "id" : "f54e2760-05be-4105-9849-d1be48b69291",
  "portletId" : "maintenance",
  "layoutId" : "a8e430e3-8010-40cf-ade1-5978e61241a8",
  "portletOrder" : 6
}, {
  "id" : "fb717c0a-21fa-4f52-af2b-d020e6aff135",
  "portletId" : "content-types-angular",
  "layoutId" : "56fedb43-dbbf-4ce2-8b77-41fb73bad015",
  "portletOrder" : 1
} ]