[ {
  "iDate" : null,
  "type" : "template",
  "owner" : "null",
  "inode" : "3b12ff2f-4deb-4df4-85ca-86dad5eeb32b",
  "identifier" : "d2abd1d63830eb45b1cc56fae26dc1d8",
  "source" : "DB",
  "title" : "Demo Template",
  "friendlyName" : "Template for StreamX demo content.",
  "modDate" : "2024-07-08T12:06:58.538+00:00",
  "modUser" : "dotcms.org.1",
  "sortOrder" : 0,
  "showOnMenu" : true,
  "body" : "<!DOCTYPE html>\r\n<html lang=\"en\">\r\n<head>\r\n    <meta charset=\"UTF-8\">\r\n    #if($URLMapContent.inode)\r\n        #set($pageTitle = ${URLMapContent.title})\r\n    #else\r\n        #set($pageTitle = ${pageContent.title})\r\n    #end\r\n    <meta name=\"viewport\" content=\"width=device-width, initial-scale=1.0\">\r\n    <title>${pageTitle}</title>\r\n    <meta name=\"description\" content=\"This example presents how to change static html files located on your local into pages available via StreamX\">\r\n    <link href=\"/application/css/output.css\" rel=\"stylesheet\">\r\n</head>\r\n<body class=\"m-0 flex flex-col min-h-screen\">\r\n    <header>\r\n        <nav class=\"bg-white\">\r\n            <div class=\"mx-auto max-w-7xl px-2 sm:px-6 lg:px-8\">\r\n                <div class=\"relative flex sm:h-16 items-center justify-between\">\r\n                    <div class=\"flex flex-1 items-center justify-center sm:items-center flex-col sm:flex-row sm:justify-between flex-wrap sm:flex-nowrap\">\r\n                        <div class=\"flex flex-shrink-0 items-center\">\r\n                            <a href=\"/index.html\" target=\"_self\" class=\"px-3 py-2\"><span class=\"text-indigo-600 font-semibold\">StreamX </span>&#65372 HTML</a>\r\n                        </div>\r\n                        <div class=\"sm:ml-6 flex flex-wrap sm:flex-nowrap\">\r\n                            <div class=\"flex space-x-4 flex-wrap sm:flex-nowrap\">\r\n                                <a href=\"/index.html\" class=\"rounded-md px-3 py-2 text-sm font-medium hover:bg-gray-100\">Home</a>\r\n                                <a href=\"/blog.html\" class=\"rounded-md px-3 py-2 text-sm font-medium hover:bg-gray-100\">Blog</a>\r\n                                <a href=\"/products.html\" class=\"rounded-md px-3 py-2 text-sm font-medium hover:bg-gray-100\">Products</a>\r\n                            </div>\r\n                        </div>\r\n                    </div>\r\n                </div>\r\n            </div>\r\n        </nav>\r\n    </header>\r\n    <main class=\"flex-1\">\r\n        ## Container: System Container\r\n        ## This is autogenerated code that cannot be changed\r\n        #parseContainer('SYSTEM_CONTAINER','1720430149678')\r\n    </main>\r\n    <footer>\r\n        <hr class=\"mt-6 mb-3 border-gray-200 mx-10\" />\r\n        <div class=\"flex flex-col items-center sm:flex-row sm:justify-center mb-3\">\r\n            <p class=\"text-sm text-gray-500\">&copy; 2024 StreamX Demos</p>\r\n        </div>\r\n    </footer>\r\n</body>\r\n</html>",
  "selectedimage" : null,
  "image" : "",
  "drawed" : false,
  "drawedBody" : null,
  "countAddContainer" : 0,
  "countContainers" : 0,
  "headCode" : null,
  "theme" : "SYSTEM_THEME",
  "themeName" : null,
  "header" : "null",
  "footer" : "null",
  "anonymous" : false,
  "template" : true,
  "live" : false,
  "name" : "Demo Template",
  "locked" : false,
  "archived" : false,
  "working" : false,
  "versionType" : "template",
  "permissionId" : "d2abd1d63830eb45b1cc56fae26dc1d8",
  "versionId" : "d2abd1d63830eb45b1cc56fae26dc1d8",
  "deleted" : false,
  "permissionType" : "com.dotmarketing.portlets.templates.model.Template",
  "new" : false,
  "categoryId" : "3b12ff2f-4deb-4df4-85ca-86dad5eeb32b",
  "idate" : null
}, {
  "iDate" : null,
  "type" : "template",
  "owner" : "null",
  "inode" : "4b0d16f5-c019-4546-8019-8ebf667e4a56",
  "identifier" : "d2abd1d63830eb45b1cc56fae26dc1d8",
  "source" : "DB",
  "title" : "Demo Template",
  "friendlyName" : "Template for StreamX demo content.",
  "modDate" : "2024-07-08T09:16:38.729+00:00",
  "modUser" : "dotcms.org.1",
  "sortOrder" : 0,
  "showOnMenu" : true,
  "body" : "<!DOCTYPE html>\r\n<html lang=\"en\">\r\n<head>\r\n    <meta charset=\"UTF-8\">\r\n    <meta name=\"viewport\" content=\"width=device-width, initial-scale=1.0\">\r\n    <title>Blog</title>\r\n    <meta name=\"description\" content=\"This example presents how to change static html files located on your local into pages available via StreamX\">\r\n    <link href=\"/application/css/output.css\" rel=\"stylesheet\">\r\n</head>\r\n<body class=\"m-0 flex flex-col min-h-screen\">\r\n    <header>\r\n        <nav class=\"bg-white\">\r\n            <div class=\"mx-auto max-w-7xl px-2 sm:px-6 lg:px-8\">\r\n                <div class=\"relative flex sm:h-16 items-center justify-between\">\r\n                    <div class=\"flex flex-1 items-center justify-center sm:items-center flex-col sm:flex-row sm:justify-between flex-wrap sm:flex-nowrap\">\r\n                        <div class=\"flex flex-shrink-0 items-center\">\r\n                            <a href=\"/index.html\" target=\"_self\" class=\"px-3 py-2\"><span class=\"text-indigo-600 font-semibold\">StreamX </span>&#65372 HTML</a>\r\n                        </div>\r\n                        <div class=\"sm:ml-6 flex flex-wrap sm:flex-nowrap\">\r\n                            <div class=\"flex space-x-4 flex-wrap sm:flex-nowrap\">\r\n                                <a href=\"/index.html\" class=\"rounded-md px-3 py-2 text-sm font-medium hover:bg-gray-100\">Home</a>\r\n                                <a href=\"/blog.html\" class=\"rounded-md px-3 py-2 text-sm font-medium hover:bg-gray-100\">Blog</a>\r\n                                <a href=\"/products.html\" class=\"rounded-md px-3 py-2 text-sm font-medium hover:bg-gray-100\">Products</a>\r\n                            </div>\r\n                        </div>\r\n                    </div>\r\n                </div>\r\n            </div>\r\n        </nav>\r\n    </header>\r\n    <main class=\"flex-1\">\r\n        ## Container: System Container\r\n        ## This is autogenerated code that cannot be changed\r\n        #parseContainer('SYSTEM_CONTAINER','1720430149678')\r\n    </main>\r\n    <footer>\r\n        <hr class=\"mt-6 mb-3 border-gray-200 mx-10\" />\r\n        <div class=\"flex flex-col items-center sm:flex-row sm:justify-center mb-3\">\r\n            <p class=\"text-sm text-gray-500\">&copy; 2024 StreamX Demos</p>\r\n        </div>\r\n    </footer>\r\n</body>\r\n</html>",
  "selectedimage" : null,
  "image" : "",
  "drawed" : false,
  "drawedBody" : null,
  "countAddContainer" : 0,
  "countContainers" : 0,
  "headCode" : null,
  "theme" : "SYSTEM_THEME",
  "themeName" : null,
  "header" : "null",
  "footer" : "null",
  "anonymous" : false,
  "template" : true,
  "live" : false,
  "name" : "Demo Template",
  "locked" : false,
  "archived" : false,
  "working" : false,
  "versionType" : "template",
  "permissionId" : "d2abd1d63830eb45b1cc56fae26dc1d8",
  "versionId" : "d2abd1d63830eb45b1cc56fae26dc1d8",
  "deleted" : false,
  "permissionType" : "com.dotmarketing.portlets.templates.model.Template",
  "new" : false,
  "categoryId" : "4b0d16f5-c019-4546-8019-8ebf667e4a56",
  "idate" : null
}, {
  "iDate" : null,
  "type" : "template",
  "owner" : "null",
  "inode" : "79cf597e-9939-45a7-8836-7b4876be5297",
  "identifier" : "d2abd1d63830eb45b1cc56fae26dc1d8",
  "source" : "DB",
  "title" : "Demo Template",
  "friendlyName" : "Template for StreamX demo content.",
  "modDate" : "2024-07-08T09:15:38.468+00:00",
  "modUser" : "dotcms.org.1",
  "sortOrder" : 0,
  "showOnMenu" : true,
  "body" : "",
  "selectedimage" : null,
  "image" : "",
  "drawed" : false,
  "drawedBody" : null,
  "countAddContainer" : 0,
  "countContainers" : 0,
  "headCode" : null,
  "theme" : "SYSTEM_THEME",
  "themeName" : null,
  "header" : "null",
  "footer" : "null",
  "anonymous" : false,
  "template" : true,
  "live" : false,
  "name" : "Demo Template",
  "locked" : false,
  "archived" : false,
  "working" : false,
  "versionType" : "template",
  "permissionId" : "d2abd1d63830eb45b1cc56fae26dc1d8",
  "versionId" : "d2abd1d63830eb45b1cc56fae26dc1d8",
  "deleted" : false,
  "permissionType" : "com.dotmarketing.portlets.templates.model.Template",
  "new" : false,
  "categoryId" : "79cf597e-9939-45a7-8836-7b4876be5297",
  "idate" : null
}, {
  "iDate" : null,
  "type" : "template",
  "owner" : "null",
  "inode" : "ec79bcb7-abe0-4daa-bb23-6fe3f9a08793",
  "identifier" : "d2abd1d63830eb45b1cc56fae26dc1d8",
  "source" : "DB",
  "title" : "Demo Template",
  "friendlyName" : "Template for StreamX demo content.",
  "modDate" : "2024-07-15T14:07:12.219+00:00",
  "modUser" : "dotcms.org.1",
  "sortOrder" : 0,
  "showOnMenu" : true,
  "body" : "<!DOCTYPE html>\r\n<html lang=\"en\">\r\n<head>\r\n    <meta charset=\"UTF-8\">\r\n    #if($URLMapContent.inode)\r\n        #set($pageTitle = ${URLMapContent.title})\r\n    #else\r\n        #set($pageTitle = ${pageContent.title})\r\n    #end\r\n    <meta name=\"viewport\" content=\"width=device-width, initial-scale=1.0\">\r\n    <title>${pageTitle}</title>\r\n    <meta name=\"description\" content=\"This example presents how to change static html files located on your local into pages available via StreamX\">\r\n    <link href=\"/application/css/output.css\" rel=\"stylesheet\">\r\n</head>\r\n<body class=\"m-0 flex flex-col min-h-screen\">\r\n    <header>\r\n        <nav class=\"bg-white\">\r\n            <div class=\"mx-auto max-w-7xl px-2 sm:px-6 lg:px-8\">\r\n                <div class=\"relative flex sm:h-16 items-center justify-between\">\r\n                    <div class=\"flex flex-1 items-center justify-center sm:items-center flex-col sm:flex-row sm:justify-between flex-wrap sm:flex-nowrap\">\r\n                        <div class=\"flex flex-shrink-0 items-center\">\r\n                            <a href=\"/index.html\" target=\"_self\" class=\"px-3 py-2\"><span class=\"text-indigo-600 font-semibold\">StreamX </span>&#65372; HTML</a>\r\n                        </div>\r\n                        <div class=\"sm:ml-6 flex flex-wrap sm:flex-nowrap\">\r\n                            <div class=\"flex space-x-4 flex-wrap sm:flex-nowrap\">\r\n                                <a href=\"/index.html\" class=\"rounded-md px-3 py-2 text-sm font-medium hover:bg-gray-100\">Home</a>\r\n                                <a href=\"/blog.html\" class=\"rounded-md px-3 py-2 text-sm font-medium hover:bg-gray-100\">Blog</a>\r\n                                <a href=\"/products.html\" class=\"rounded-md px-3 py-2 text-sm font-medium hover:bg-gray-100\">Products</a>\r\n                            </div>\r\n                        </div>\r\n                    </div>\r\n                </div>\r\n            </div>\r\n        </nav>\r\n    </header>\r\n    <main class=\"flex-1\">\r\n        ## Container: System Container\r\n        ## This is autogenerated code that cannot be changed\r\n        #parseContainer('SYSTEM_CONTAINER','1720430149678')\r\n    </main>\r\n    <footer>\r\n        <hr class=\"mt-6 mb-3 border-gray-200 mx-10\" />\r\n        <div class=\"flex flex-col items-center sm:flex-row sm:justify-center mb-3\">\r\n            <p class=\"text-sm text-gray-500\">&copy; 2024 StreamX Demos</p>\r\n        </div>\r\n    </footer>\r\n</body>\r\n</html>",
  "selectedimage" : null,
  "image" : "",
  "drawed" : false,
  "drawedBody" : null,
  "countAddContainer" : 0,
  "countContainers" : 0,
  "headCode" : null,
  "theme" : "SYSTEM_THEME",
  "themeName" : null,
  "header" : "null",
  "footer" : "null",
  "anonymous" : false,
  "template" : true,
  "live" : true,
  "name" : "Demo Template",
  "locked" : false,
  "archived" : false,
  "working" : true,
  "versionType" : "template",
  "permissionId" : "d2abd1d63830eb45b1cc56fae26dc1d8",
  "versionId" : "d2abd1d63830eb45b1cc56fae26dc1d8",
  "deleted" : false,
  "permissionType" : "com.dotmarketing.portlets.templates.model.Template",
  "new" : false,
  "categoryId" : "ec79bcb7-abe0-4daa-bb23-6fe3f9a08793",
  "idate" : null
}, {
  "iDate" : null,
  "type" : "template",
  "owner" : "null",
  "inode" : "f3048091-8c59-4978-a222-824d6dc83b3a",
  "identifier" : "d2abd1d63830eb45b1cc56fae26dc1d8",
  "source" : "DB",
  "title" : "Demo Template",
  "friendlyName" : "Template for StreamX demo content.",
  "modDate" : "2024-07-08T12:06:24.215+00:00",
  "modUser" : "dotcms.org.1",
  "sortOrder" : 0,
  "showOnMenu" : true,
  "body" : "<!DOCTYPE html>\r\n<html lang=\"en\">\r\n<head>\r\n    <meta charset=\"UTF-8\">\r\n    #if($URLMapContent.inode)\r\n        #set($pageTitle = ${URLMapContent.title})\r\n    #else\r\n        #set($pageTitle = ${pageContent.title})\r\n    #end\r\n    <meta name=\"viewport\" content=\"width=device-width, initial-scale=1.0\">\r\n    <title>Blog</title>\r\n    <meta name=\"description\" content=\"This example presents how to change static html files located on your local into pages available via StreamX\">\r\n    <link href=\"/application/css/output.css\" rel=\"stylesheet\">\r\n</head>\r\n<body class=\"m-0 flex flex-col min-h-screen\">\r\n    <header>\r\n        <nav class=\"bg-white\">\r\n            <div class=\"mx-auto max-w-7xl px-2 sm:px-6 lg:px-8\">\r\n                <div class=\"relative flex sm:h-16 items-center justify-between\">\r\n                    <div class=\"flex flex-1 items-center justify-center sm:items-center flex-col sm:flex-row sm:justify-between flex-wrap sm:flex-nowrap\">\r\n                        <div class=\"flex flex-shrink-0 items-center\">\r\n                            <a href=\"/index.html\" target=\"_self\" class=\"px-3 py-2\"><span class=\"text-indigo-600 font-semibold\">StreamX </span>&#65372 HTML</a>\r\n                        </div>\r\n                        <div class=\"sm:ml-6 flex flex-wrap sm:flex-nowrap\">\r\n                            <div class=\"flex space-x-4 flex-wrap sm:flex-nowrap\">\r\n                                <a href=\"/index.html\" class=\"rounded-md px-3 py-2 text-sm font-medium hover:bg-gray-100\">Home</a>\r\n                                <a href=\"/blog.html\" class=\"rounded-md px-3 py-2 text-sm font-medium hover:bg-gray-100\">Blog</a>\r\n                                <a href=\"/products.html\" class=\"rounded-md px-3 py-2 text-sm font-medium hover:bg-gray-100\">Products</a>\r\n                            </div>\r\n                        </div>\r\n                    </div>\r\n                </div>\r\n            </div>\r\n        </nav>\r\n    </header>\r\n    <main class=\"flex-1\">\r\n        ## Container: System Container\r\n        ## This is autogenerated code that cannot be changed\r\n        #parseContainer('SYSTEM_CONTAINER','1720430149678')\r\n    </main>\r\n    <footer>\r\n        <hr class=\"mt-6 mb-3 border-gray-200 mx-10\" />\r\n        <div class=\"flex flex-col items-center sm:flex-row sm:justify-center mb-3\">\r\n            <p class=\"text-sm text-gray-500\">&copy; 2024 StreamX Demos</p>\r\n        </div>\r\n    </footer>\r\n</body>\r\n</html>",
  "selectedimage" : null,
  "image" : "",
  "drawed" : false,
  "drawedBody" : null,
  "countAddContainer" : 0,
  "countContainers" : 0,
  "headCode" : null,
  "theme" : "SYSTEM_THEME",
  "themeName" : null,
  "header" : "null",
  "footer" : "null",
  "anonymous" : false,
  "template" : true,
  "live" : false,
  "name" : "Demo Template",
  "locked" : false,
  "archived" : false,
  "working" : false,
  "versionType" : "template",
  "permissionId" : "d2abd1d63830eb45b1cc56fae26dc1d8",
  "versionId" : "d2abd1d63830eb45b1cc56fae26dc1d8",
  "deleted" : false,
  "permissionType" : "com.dotmarketing.portlets.templates.model.Template",
  "new" : false,
  "categoryId" : "f3048091-8c59-4978-a222-824d6dc83b3a",
  "idate" : null
} ]