[ {
  "id" : "09d4933d-e7b2-48da-b826-778fe0f1bfcf",
  "creationDate" : "2021-06-14T21:32:16.947+00:00",
  "modDate" : "2021-06-14T21:32:16.948+00:00",
  "dueDate" : null,
  "createdBy" : "2adccac3-a56b-4078-be40-94e343f20712",
  "assignedTo" : "2adccac3-a56b-4078-be40-94e343f20712",
  "belongsTo" : null,
  "title" : "company_logo.png",
  "description" : null,
  "status" : "dc3c9cd0-8467-404b-bf95-cb7df3fbc293",
  "webasset" : "a083e942-5fb0-47ef-9619-6f8f40593474",
  "languageId" : 1,
  "new" : false,
  "inode" : "09d4933d-e7b2-48da-b826-778fe0f1bfcf"
}, {
  "id" : "0b67fa2d-5654-4ef9-8258-fcd4b47cc40b",
  "creationDate" : "2024-07-08T09:43:04.248+00:00",
  "modDate" : "2024-07-08T09:58:26.856+00:00",
  "dueDate" : null,
  "createdBy" : "e7d4e34e-5127-45fc-8123-d48b62d510e3",
  "assignedTo" : "e7d4e34e-5127-45fc-8123-d48b62d510e3",
  "belongsTo" : null,
  "title" : "Title of the post",
  "description" : "",
  "status" : "dc3c9cd0-8467-404b-bf95-cb7df3fbc293",
  "webasset" : "243f3016543a7c9a503d16ccd5e41c1b",
  "languageId" : 1,
  "new" : false,
  "inode" : "0b67fa2d-5654-4ef9-8258-fcd4b47cc40b"
}, {
  "id" : "117347f4-6659-4948-821d-23e6049c44e1",
  "creationDate" : "2024-07-08T09:40:30.840+00:00",
  "modDate" : "2024-07-08T09:58:30.743+00:00",
  "dueDate" : null,
  "createdBy" : "e7d4e34e-5127-45fc-8123-d48b62d510e3",
  "assignedTo" : "e7d4e34e-5127-45fc-8123-d48b62d510e3",
  "belongsTo" : null,
  "title" : "John Doe",
  "description" : "",
  "status" : "dc3c9cd0-8467-404b-bf95-cb7df3fbc293",
  "webasset" : "457f483cb6d9dc70ccb793de9ba63102",
  "languageId" : 1,
  "new" : false,
  "inode" : "117347f4-6659-4948-821d-23e6049c44e1"
}, {
  "id" : "1ffc5b95-67ed-4852-9d11-946ad46a1773",
  "creationDate" : "2024-07-08T09:18:57.333+00:00",
  "modDate" : "2024-07-15T14:18:01.389+00:00",
  "dueDate" : null,
  "createdBy" : "e7d4e34e-5127-45fc-8123-d48b62d510e3",
  "assignedTo" : "e7d4e34e-5127-45fc-8123-d48b62d510e3",
  "belongsTo" : null,
  "title" : "render-products.vtl",
  "description" : "",
  "status" : "dc3c9cd0-8467-404b-bf95-cb7df3fbc293",
  "webasset" : "24b0f9853f149f6724f80b9323de3a28",
  "languageId" : 1,
  "new" : false,
  "inode" : "1ffc5b95-67ed-4852-9d11-946ad46a1773"
}, {
  "id" : "2b606dcb-011c-4ead-966e-546fcbc9e6a8",
  "creationDate" : "2024-07-08T09:13:30.491+00:00",
  "modDate" : "2024-07-08T09:59:00.861+00:00",
  "dueDate" : null,
  "createdBy" : "e7d4e34e-5127-45fc-8123-d48b62d510e3",
  "assignedTo" : "e7d4e34e-5127-45fc-8123-d48b62d510e3",
  "belongsTo" : null,
  "title" : "url-filename.vtl",
  "description" : "",
  "status" : "dc3c9cd0-8467-404b-bf95-cb7df3fbc293",
  "webasset" : "0be679b997aa296b5ab9252b31e49c46",
  "languageId" : 1,
  "new" : false,
  "inode" : "2b606dcb-011c-4ead-966e-546fcbc9e6a8"
}, {
  "id" : "2dfacbaa-422a-4d84-82fe-483854f3c2bc",
  "creationDate" : "2024-07-08T09:12:10.092+00:00",
  "modDate" : "2024-07-15T14:10:27.160+00:00",
  "dueDate" : null,
  "createdBy" : "e7d4e34e-5127-45fc-8123-d48b62d510e3",
  "assignedTo" : "e7d4e34e-5127-45fc-8123-d48b62d510e3",
  "belongsTo" : null,
  "title" : "output.css",
  "description" : "",
  "status" : "dc3c9cd0-8467-404b-bf95-cb7df3fbc293",
  "webasset" : "be1959b250d7d0bdfd0b1cd64f86eed5",
  "languageId" : 1,
  "new" : false,
  "inode" : "2dfacbaa-422a-4d84-82fe-483854f3c2bc"
}, {
  "id" : "3b69cdf2-84d8-4003-8fd0-28e8f0ff85cd",
  "creationDate" : "2024-07-08T09:41:24.243+00:00",
  "modDate" : "2024-07-08T09:57:53.591+00:00",
  "dueDate" : null,
  "createdBy" : "e7d4e34e-5127-45fc-8123-d48b62d510e3",
  "assignedTo" : "e7d4e34e-5127-45fc-8123-d48b62d510e3",
  "belongsTo" : null,
  "title" : "demo-image-1.webp",
  "description" : "",
  "status" : "dc3c9cd0-8467-404b-bf95-cb7df3fbc293",
  "webasset" : "35bccd58d1a861cebd4958ecc198e0d0",
  "languageId" : 1,
  "new" : false,
  "inode" : "3b69cdf2-84d8-4003-8fd0-28e8f0ff85cd"
}, {
  "id" : "440e34d9-c688-4ca0-9b52-72ee5c58e378",
  "creationDate" : "2024-07-08T09:19:55.637+00:00",
  "modDate" : "2024-07-15T14:08:44.626+00:00",
  "dueDate" : null,
  "createdBy" : "e7d4e34e-5127-45fc-8123-d48b62d510e3",
  "assignedTo" : "e7d4e34e-5127-45fc-8123-d48b62d510e3",
  "belongsTo" : null,
  "title" : "render-blog-article.vtl",
  "description" : "",
  "status" : "dc3c9cd0-8467-404b-bf95-cb7df3fbc293",
  "webasset" : "414645dad305d34a182a4a53ed6e8cf9",
  "languageId" : 1,
  "new" : false,
  "inode" : "440e34d9-c688-4ca0-9b52-72ee5c58e378"
}, {
  "id" : "4761a4ff-a2f3-4781-933c-39d2262a9187",
  "creationDate" : "2024-07-08T09:36:17.764+00:00",
  "modDate" : "2024-07-08T10:00:02.972+00:00",
  "dueDate" : null,
  "createdBy" : "e7d4e34e-5127-45fc-8123-d48b62d510e3",
  "assignedTo" : "e7d4e34e-5127-45fc-8123-d48b62d510e3",
  "belongsTo" : null,
  "title" : "Render single blog article",
  "description" : "",
  "status" : "dc3c9cd0-8467-404b-bf95-cb7df3fbc293",
  "webasset" : "088f381370e1d125cf93bcb627e61fc9",
  "languageId" : 1,
  "new" : false,
  "inode" : "4761a4ff-a2f3-4781-933c-39d2262a9187"
}, {
  "id" : "47664baf-da78-4b9c-98cb-7ecb480a143f",
  "creationDate" : "2024-07-08T09:32:42.287+00:00",
  "modDate" : "2024-07-08T10:00:04.779+00:00",
  "dueDate" : null,
  "createdBy" : "e7d4e34e-5127-45fc-8123-d48b62d510e3",
  "assignedTo" : "e7d4e34e-5127-45fc-8123-d48b62d510e3",
  "belongsTo" : null,
  "title" : "Render landing page content",
  "description" : "",
  "status" : "dc3c9cd0-8467-404b-bf95-cb7df3fbc293",
  "webasset" : "1e19befe5070a3971e71d3a538fb6cff",
  "languageId" : 1,
  "new" : false,
  "inode" : "47664baf-da78-4b9c-98cb-7ecb480a143f"
}, {
  "id" : "4a0aeca7-02fb-4341-a6a4-2800480ff227",
  "creationDate" : "2024-07-08T09:20:26.301+00:00",
  "modDate" : "2024-07-08T10:04:19.642+00:00",
  "dueDate" : null,
  "createdBy" : "e7d4e34e-5127-45fc-8123-d48b62d510e3",
  "assignedTo" : "e7d4e34e-5127-45fc-8123-d48b62d510e3",
  "belongsTo" : null,
  "title" : "Blog Article Detail page",
  "description" : "",
  "status" : "dc3c9cd0-8467-404b-bf95-cb7df3fbc293",
  "webasset" : "06623dba9f36bc82780c3c0916344b57",
  "languageId" : 1,
  "new" : false,
  "inode" : "4a0aeca7-02fb-4341-a6a4-2800480ff227"
}, {
  "id" : "4f762490-c1c2-44fb-a6c9-bad8a4391b59",
  "creationDate" : "2024-07-08T09:14:06.048+00:00",
  "modDate" : "2024-07-08T09:59:00.912+00:00",
  "dueDate" : null,
  "createdBy" : "e7d4e34e-5127-45fc-8123-d48b62d510e3",
  "assignedTo" : "e7d4e34e-5127-45fc-8123-d48b62d510e3",
  "belongsTo" : null,
  "title" : "render-main-content.vtl",
  "description" : "",
  "status" : "dc3c9cd0-8467-404b-bf95-cb7df3fbc293",
  "webasset" : "4195ef1730c726e049e685ddf5f2beaa",
  "languageId" : 1,
  "new" : false,
  "inode" : "4f762490-c1c2-44fb-a6c9-bad8a4391b59"
}, {
  "id" : "57e6e4ee-ed5a-4ef0-bfd8-65dffea7b889",
  "creationDate" : "2024-07-08T09:35:44.791+00:00",
  "modDate" : "2024-07-08T10:00:03.861+00:00",
  "dueDate" : null,
  "createdBy" : "e7d4e34e-5127-45fc-8123-d48b62d510e3",
  "assignedTo" : "e7d4e34e-5127-45fc-8123-d48b62d510e3",
  "belongsTo" : null,
  "title" : "Render single product",
  "description" : "",
  "status" : "dc3c9cd0-8467-404b-bf95-cb7df3fbc293",
  "webasset" : "457ff8694636b012a5b4d649986ebcc3",
  "languageId" : 1,
  "new" : false,
  "inode" : "57e6e4ee-ed5a-4ef0-bfd8-65dffea7b889"
}, {
  "id" : "64bcafee-164c-41a7-ba89-6789424c3237",
  "creationDate" : "2024-07-08T09:14:41.592+00:00",
  "modDate" : "2024-07-15T14:48:30.182+00:00",
  "dueDate" : null,
  "createdBy" : "e7d4e34e-5127-45fc-8123-d48b62d510e3",
  "assignedTo" : "e7d4e34e-5127-45fc-8123-d48b62d510e3",
  "belongsTo" : null,
  "title" : "render-product.vtl",
  "description" : "",
  "status" : "dc3c9cd0-8467-404b-bf95-cb7df3fbc293",
  "webasset" : "d8137f17fa5cb336a0a9284ab6798e83",
  "languageId" : 1,
  "new" : false,
  "inode" : "64bcafee-164c-41a7-ba89-6789424c3237"
}, {
  "id" : "6a5d6dd8-f5b2-4ba4-bcc1-ecb68f33bc1c",
  "creationDate" : "2024-07-08T09:31:17.049+00:00",
  "modDate" : "2024-07-08T10:04:15.391+00:00",
  "dueDate" : null,
  "createdBy" : "e7d4e34e-5127-45fc-8123-d48b62d510e3",
  "assignedTo" : "e7d4e34e-5127-45fc-8123-d48b62d510e3",
  "belongsTo" : null,
  "title" : "Home",
  "description" : "",
  "status" : "dc3c9cd0-8467-404b-bf95-cb7df3fbc293",
  "webasset" : "14eb90ce3a9a3c90d86179a8d15ad695",
  "languageId" : 1,
  "new" : false,
  "inode" : "6a5d6dd8-f5b2-4ba4-bcc1-ecb68f33bc1c"
}, {
  "id" : "6ff472ee-3a3b-4714-bf74-bc0cc5c8a990",
  "creationDate" : "2024-07-08T09:44:17.359+00:00",
  "modDate" : "2024-07-08T12:06:47.347+00:00",
  "dueDate" : null,
  "createdBy" : "e7d4e34e-5127-45fc-8123-d48b62d510e3",
  "assignedTo" : "e7d4e34e-5127-45fc-8123-d48b62d510e3",
  "belongsTo" : null,
  "title" : "Basic Tee",
  "description" : "",
  "status" : "dc3c9cd0-8467-404b-bf95-cb7df3fbc293",
  "webasset" : "95f6721c7b49084c184869c64e233c0a",
  "languageId" : 1,
  "new" : false,
  "inode" : "6ff472ee-3a3b-4714-bf74-bc0cc5c8a990"
}, {
  "id" : "78dce6b7-8c63-41f5-b8da-9634913589c5",
  "creationDate" : "2024-07-08T09:35:21.336+00:00",
  "modDate" : "2024-07-08T10:00:04.320+00:00",
  "dueDate" : null,
  "createdBy" : "e7d4e34e-5127-45fc-8123-d48b62d510e3",
  "assignedTo" : "e7d4e34e-5127-45fc-8123-d48b62d510e3",
  "belongsTo" : null,
  "title" : "Render products",
  "description" : "",
  "status" : "dc3c9cd0-8467-404b-bf95-cb7df3fbc293",
  "webasset" : "f9bea8b1f32963c609b829c4b302be4e",
  "languageId" : 1,
  "new" : false,
  "inode" : "78dce6b7-8c63-41f5-b8da-9634913589c5"
}, {
  "id" : "7dee1c2c-8b8f-404e-94c8-03628e618468",
  "creationDate" : "2024-07-08T09:41:51.322+00:00",
  "modDate" : "2024-07-08T09:57:53.138+00:00",
  "dueDate" : null,
  "createdBy" : "e7d4e34e-5127-45fc-8123-d48b62d510e3",
  "assignedTo" : "e7d4e34e-5127-45fc-8123-d48b62d510e3",
  "belongsTo" : null,
  "title" : "demo-image-2.webp",
  "description" : "",
  "status" : "dc3c9cd0-8467-404b-bf95-cb7df3fbc293",
  "webasset" : "c1cf8faddc21d5f15b6b776f09b7e41e",
  "languageId" : 1,
  "new" : false,
  "inode" : "7dee1c2c-8b8f-404e-94c8-03628e618468"
}, {
  "id" : "859ed430-1464-4049-ae1c-82b08ec306cd",
  "creationDate" : "2024-07-08T09:36:01.924+00:00",
  "modDate" : "2024-07-08T10:00:03.414+00:00",
  "dueDate" : null,
  "createdBy" : "e7d4e34e-5127-45fc-8123-d48b62d510e3",
  "assignedTo" : "e7d4e34e-5127-45fc-8123-d48b62d510e3",
  "belongsTo" : null,
  "title" : "Render blog articles",
  "description" : "",
  "status" : "dc3c9cd0-8467-404b-bf95-cb7df3fbc293",
  "webasset" : "5e39767cc1240e42ed8ce3743521522b",
  "languageId" : 1,
  "new" : false,
  "inode" : "859ed430-1464-4049-ae1c-82b08ec306cd"
}, {
  "id" : "9be0768b-2e17-4a80-a141-a59b7d20e2f8",
  "creationDate" : "2024-07-08T09:18:00.456+00:00",
  "modDate" : "2024-07-08T10:04:23.863+00:00",
  "dueDate" : null,
  "createdBy" : "e7d4e34e-5127-45fc-8123-d48b62d510e3",
  "assignedTo" : "e7d4e34e-5127-45fc-8123-d48b62d510e3",
  "belongsTo" : null,
  "title" : "Product Detail page",
  "description" : "",
  "status" : "dc3c9cd0-8467-404b-bf95-cb7df3fbc293",
  "webasset" : "79ece73b3ab0fda5422e2edeb8e2d9e8",
  "languageId" : 1,
  "new" : false,
  "inode" : "9be0768b-2e17-4a80-a141-a59b7d20e2f8"
}, {
  "id" : "9d1b615e-958c-4b9a-91c8-f3c1b069a301",
  "creationDate" : "2024-07-08T09:38:09.969+00:00",
  "modDate" : "2024-07-08T10:04:17.369+00:00",
  "dueDate" : null,
  "createdBy" : "e7d4e34e-5127-45fc-8123-d48b62d510e3",
  "assignedTo" : "e7d4e34e-5127-45fc-8123-d48b62d510e3",
  "belongsTo" : null,
  "title" : "Products",
  "description" : "",
  "status" : "dc3c9cd0-8467-404b-bf95-cb7df3fbc293",
  "webasset" : "d630e38211d270de9c080148b3617751",
  "languageId" : 1,
  "new" : false,
  "inode" : "9d1b615e-958c-4b9a-91c8-f3c1b069a301"
}, {
  "id" : "e1973cf7-9733-48ab-bdf0-0c7f4a0e84bd",
  "creationDate" : "2024-07-08T09:37:13.692+00:00",
  "modDate" : "2024-07-08T10:04:21.614+00:00",
  "dueDate" : null,
  "createdBy" : "e7d4e34e-5127-45fc-8123-d48b62d510e3",
  "assignedTo" : "e7d4e34e-5127-45fc-8123-d48b62d510e3",
  "belongsTo" : null,
  "title" : "Blog",
  "description" : "",
  "status" : "dc3c9cd0-8467-404b-bf95-cb7df3fbc293",
  "webasset" : "07c9a325f189eea40df79f94cc04164a",
  "languageId" : 1,
  "new" : false,
  "inode" : "e1973cf7-9733-48ab-bdf0-0c7f4a0e84bd"
}, {
  "id" : "fda8c03d-92e2-4497-93a7-1a7b1ed8386b",
  "creationDate" : "2024-07-08T09:19:30.356+00:00",
  "modDate" : "2024-07-15T14:09:24.573+00:00",
  "dueDate" : null,
  "createdBy" : "e7d4e34e-5127-45fc-8123-d48b62d510e3",
  "assignedTo" : "e7d4e34e-5127-45fc-8123-d48b62d510e3",
  "belongsTo" : null,
  "title" : "render-blog-articles.vtl",
  "description" : "",
  "status" : "dc3c9cd0-8467-404b-bf95-cb7df3fbc293",
  "webasset" : "e00b97e8a8a64295544ac8419fb1cd90",
  "languageId" : 1,
  "new" : false,
  "inode" : "fda8c03d-92e2-4497-93a7-1a7b1ed8386b"
} ]