[ {
  "identifier" : "06623dba9f36bc82780c3c0916344b57",
  "liveInode" : "479ac9ff-f4dd-4c3e-94ea-820c8a3aa98c",
  "workingInode" : "479ac9ff-f4dd-4c3e-94ea-820c8a3aa98c",
  "lockedBy" : null,
  "lockedOn" : "2024-07-08T10:04:19.641+00:00",
  "deleted" : false,
  "versionTs" : "2024-07-15T13:26:09.803+00:00",
  "lang" : 1,
  "variant" : "DEFAULT",
  "publishDate" : "2024-07-08T10:04:19.633+00:00"
}, {
  "identifier" : "07c9a325f189eea40df79f94cc04164a",
  "liveInode" : "6315b521-6948-4dd1-8dfb-044afdfaebf1",
  "workingInode" : "6315b521-6948-4dd1-8dfb-044afdfaebf1",
  "lockedBy" : null,
  "lockedOn" : "2024-07-08T10:04:21.614+00:00",
  "deleted" : false,
  "versionTs" : "2024-07-15T13:26:09.805+00:00",
  "lang" : 1,
  "variant" : "DEFAULT",
  "publishDate" : "2024-07-08T10:04:21.605+00:00"
}, {
  "identifier" : "088f381370e1d125cf93bcb627e61fc9",
  "liveInode" : "27ad1dcc-0ae4-42e9-bf48-afe19e0f7e78",
  "workingInode" : "27ad1dcc-0ae4-42e9-bf48-afe19e0f7e78",
  "lockedBy" : null,
  "lockedOn" : "2024-07-08T10:00:02.971+00:00",
  "deleted" : false,
  "versionTs" : "2024-07-15T13:26:07.134+00:00",
  "lang" : 1,
  "variant" : "DEFAULT",
  "publishDate" : "2024-07-08T10:00:02.961+00:00"
}, {
  "identifier" : "0be679b997aa296b5ab9252b31e49c46",
  "liveInode" : "5c74f407-a4d0-4512-a99d-91a2945e57c9",
  "workingInode" : "5c74f407-a4d0-4512-a99d-91a2945e57c9",
  "lockedBy" : null,
  "lockedOn" : "2024-07-08T09:59:00.861+00:00",
  "deleted" : false,
  "versionTs" : "2024-07-15T13:26:07.135+00:00",
  "lang" : 1,
  "variant" : "DEFAULT",
  "publishDate" : "2024-07-08T09:59:00.854+00:00"
}, {
  "identifier" : "14eb90ce3a9a3c90d86179a8d15ad695",
  "liveInode" : "84ab2ff2-f143-4919-a945-99e18e15c09e",
  "workingInode" : "84ab2ff2-f143-4919-a945-99e18e15c09e",
  "lockedBy" : null,
  "lockedOn" : "2024-07-08T10:04:15.390+00:00",
  "deleted" : false,
  "versionTs" : "2024-07-15T13:26:09.806+00:00",
  "lang" : 1,
  "variant" : "DEFAULT",
  "publishDate" : "2024-07-08T10:04:15.381+00:00"
}, {
  "identifier" : "1e19befe5070a3971e71d3a538fb6cff",
  "liveInode" : "66fd45ff-7b3b-45fc-a8d3-5b2f573db61a",
  "workingInode" : "66fd45ff-7b3b-45fc-a8d3-5b2f573db61a",
  "lockedBy" : null,
  "lockedOn" : "2024-07-08T10:00:04.778+00:00",
  "deleted" : false,
  "versionTs" : "2024-07-15T13:26:07.136+00:00",
  "lang" : 1,
  "variant" : "DEFAULT",
  "publishDate" : "2024-07-08T10:00:04.768+00:00"
}, {
  "identifier" : "243f3016543a7c9a503d16ccd5e41c1b",
  "liveInode" : "ff796fe5-195f-4554-838e-9587c78128d6",
  "workingInode" : "ff796fe5-195f-4554-838e-9587c78128d6",
  "lockedBy" : null,
  "lockedOn" : "2024-07-08T09:58:26.854+00:00",
  "deleted" : false,
  "versionTs" : "2024-07-15T13:26:07.136+00:00",
  "lang" : 1,
  "variant" : "DEFAULT",
  "publishDate" : "2024-07-08T09:58:26.838+00:00"
}, {
  "identifier" : "24b0f9853f149f6724f80b9323de3a28",
  "liveInode" : "51e1ccf6-127f-4d0b-9784-53a250cc1b03",
  "workingInode" : "51e1ccf6-127f-4d0b-9784-53a250cc1b03",
  "lockedBy" : null,
  "lockedOn" : "2024-07-15T14:18:01.388+00:00",
  "deleted" : false,
  "versionTs" : "2024-07-15T14:18:01.379+00:00",
  "lang" : 1,
  "variant" : "DEFAULT",
  "publishDate" : "2024-07-15T14:18:01.378+00:00"
}, {
  "identifier" : "35bccd58d1a861cebd4958ecc198e0d0",
  "liveInode" : "f2d07af4-da81-4676-a6cc-7466dcbb3115",
  "workingInode" : "f2d07af4-da81-4676-a6cc-7466dcbb3115",
  "lockedBy" : null,
  "lockedOn" : "2024-07-08T09:57:53.590+00:00",
  "deleted" : false,
  "versionTs" : "2024-07-15T13:26:07.137+00:00",
  "lang" : 1,
  "variant" : "DEFAULT",
  "publishDate" : "2024-07-08T09:57:53.584+00:00"
}, {
  "identifier" : "414645dad305d34a182a4a53ed6e8cf9",
  "liveInode" : "93fe7cb8-10f7-44a6-856e-106b5242d88d",
  "workingInode" : "93fe7cb8-10f7-44a6-856e-106b5242d88d",
  "lockedBy" : null,
  "lockedOn" : "2024-07-15T14:08:44.625+00:00",
  "deleted" : false,
  "versionTs" : "2024-07-15T14:08:44.611+00:00",
  "lang" : 1,
  "variant" : "DEFAULT",
  "publishDate" : "2024-07-15T14:08:44.611+00:00"
}, {
  "identifier" : "4195ef1730c726e049e685ddf5f2beaa",
  "liveInode" : "6b60ed5b-ddb4-4c76-851c-3f9e95cde2b7",
  "workingInode" : "6b60ed5b-ddb4-4c76-851c-3f9e95cde2b7",
  "lockedBy" : null,
  "lockedOn" : "2024-07-08T09:59:00.911+00:00",
  "deleted" : false,
  "versionTs" : "2024-07-15T13:26:07.138+00:00",
  "lang" : 1,
  "variant" : "DEFAULT",
  "publishDate" : "2024-07-08T09:59:00.906+00:00"
}, {
  "identifier" : "457f483cb6d9dc70ccb793de9ba63102",
  "liveInode" : "bfd50743-07ed-432c-9324-5a92a37df272",
  "workingInode" : "bfd50743-07ed-432c-9324-5a92a37df272",
  "lockedBy" : null,
  "lockedOn" : "2024-07-08T09:58:30.741+00:00",
  "deleted" : false,
  "versionTs" : "2024-07-15T13:26:07.138+00:00",
  "lang" : 1,
  "variant" : "DEFAULT",
  "publishDate" : "2024-07-08T09:58:30.733+00:00"
}, {
  "identifier" : "457ff8694636b012a5b4d649986ebcc3",
  "liveInode" : "008f13df-653f-435b-9201-fa861bcf3c66",
  "workingInode" : "008f13df-653f-435b-9201-fa861bcf3c66",
  "lockedBy" : null,
  "lockedOn" : "2024-07-08T10:00:03.860+00:00",
  "deleted" : false,
  "versionTs" : "2024-07-15T13:26:07.139+00:00",
  "lang" : 1,
  "variant" : "DEFAULT",
  "publishDate" : "2024-07-08T10:00:03.852+00:00"
}, {
  "identifier" : "5e39767cc1240e42ed8ce3743521522b",
  "liveInode" : "5e90edda-420c-481e-9a15-31eb4d94de51",
  "workingInode" : "5e90edda-420c-481e-9a15-31eb4d94de51",
  "lockedBy" : null,
  "lockedOn" : "2024-07-08T10:00:03.413+00:00",
  "deleted" : false,
  "versionTs" : "2024-07-15T13:26:07.139+00:00",
  "lang" : 1,
  "variant" : "DEFAULT",
  "publishDate" : "2024-07-08T10:00:03.403+00:00"
}, {
  "identifier" : "79ece73b3ab0fda5422e2edeb8e2d9e8",
  "liveInode" : "27d6aba2-dba8-4e9f-a6e8-1bdaf8535686",
  "workingInode" : "27d6aba2-dba8-4e9f-a6e8-1bdaf8535686",
  "lockedBy" : null,
  "lockedOn" : "2024-07-08T10:04:23.863+00:00",
  "deleted" : false,
  "versionTs" : "2024-07-15T13:26:09.807+00:00",
  "lang" : 1,
  "variant" : "DEFAULT",
  "publishDate" : "2024-07-08T10:04:23.853+00:00"
}, {
  "identifier" : "8a7d5e23-da1e-420a-b4f0-471e7da8ea2d",
  "liveInode" : "1b407535-67e3-4f21-ad00-8ef5ef492d64",
  "workingInode" : "1b407535-67e3-4f21-ad00-8ef5ef492d64",
  "lockedBy" : "dotcms.org.1",
  "lockedOn" : "2020-04-20T20:28:30.733+00:00",
  "deleted" : false,
  "versionTs" : "2024-07-15T13:26:07.140+00:00",
  "lang" : 1,
  "variant" : "DEFAULT",
  "publishDate" : "2023-05-25T21:55:00.711+00:00"
}, {
  "identifier" : "95f6721c7b49084c184869c64e233c0a",
  "liveInode" : "bbd7373c-12d5-46db-a68a-eaa2c2ed921c",
  "workingInode" : "bbd7373c-12d5-46db-a68a-eaa2c2ed921c",
  "lockedBy" : null,
  "lockedOn" : "2024-07-08T12:06:47.346+00:00",
  "deleted" : false,
  "versionTs" : "2024-07-15T13:26:07.141+00:00",
  "lang" : 1,
  "variant" : "DEFAULT",
  "publishDate" : "2024-07-08T12:06:47.338+00:00"
}, {
  "identifier" : "a083e942-5fb0-47ef-9619-6f8f40593474",
  "liveInode" : "52f6c0e2-7978-483b-a0a2-c589044db9e7",
  "workingInode" : "52f6c0e2-7978-483b-a0a2-c589044db9e7",
  "lockedBy" : null,
  "lockedOn" : "2021-06-14T21:32:16.863+00:00",
  "deleted" : false,
  "versionTs" : "2024-07-15T13:26:07.141+00:00",
  "lang" : 1,
  "variant" : "DEFAULT",
  "publishDate" : "2023-05-25T21:55:00.715+00:00"
}, {
  "identifier" : "be1959b250d7d0bdfd0b1cd64f86eed5",
  "liveInode" : "ae11b43e-4230-42c9-8abb-76638cd20e2d",
  "workingInode" : "ae11b43e-4230-42c9-8abb-76638cd20e2d",
  "lockedBy" : null,
  "lockedOn" : "2024-07-15T14:10:27.159+00:00",
  "deleted" : false,
  "versionTs" : "2024-07-15T14:10:27.146+00:00",
  "lang" : 1,
  "variant" : "DEFAULT",
  "publishDate" : "2024-07-15T14:10:27.145+00:00"
}, {
  "identifier" : "c1cf8faddc21d5f15b6b776f09b7e41e",
  "liveInode" : "c54120fa-c077-4bea-a653-618dcb2494c1",
  "workingInode" : "c54120fa-c077-4bea-a653-618dcb2494c1",
  "lockedBy" : null,
  "lockedOn" : "2024-07-08T09:57:53.136+00:00",
  "deleted" : false,
  "versionTs" : "2024-07-15T13:26:07.142+00:00",
  "lang" : 1,
  "variant" : "DEFAULT",
  "publishDate" : "2024-07-08T09:57:53.130+00:00"
}, {
  "identifier" : "d630e38211d270de9c080148b3617751",
  "liveInode" : "ea165341-3194-4334-bea0-3d8d0d62da9b",
  "workingInode" : "ea165341-3194-4334-bea0-3d8d0d62da9b",
  "lockedBy" : null,
  "lockedOn" : "2024-07-08T10:04:17.368+00:00",
  "deleted" : false,
  "versionTs" : "2024-07-15T13:26:09.808+00:00",
  "lang" : 1,
  "variant" : "DEFAULT",
  "publishDate" : "2024-07-08T10:04:17.359+00:00"
}, {
  "identifier" : "d8137f17fa5cb336a0a9284ab6798e83",
  "liveInode" : "02cb3aa2-53b8-4dba-a8d1-2d305c3df9fe",
  "workingInode" : "02cb3aa2-53b8-4dba-a8d1-2d305c3df9fe",
  "lockedBy" : null,
  "lockedOn" : "2024-07-15T14:48:30.181+00:00",
  "deleted" : false,
  "versionTs" : "2024-07-15T14:48:30.169+00:00",
  "lang" : 1,
  "variant" : "DEFAULT",
  "publishDate" : "2024-07-15T14:48:30.169+00:00"
}, {
  "identifier" : "e00b97e8a8a64295544ac8419fb1cd90",
  "liveInode" : "00e1e4b6-2aad-44c6-8122-4019a63639fe",
  "workingInode" : "00e1e4b6-2aad-44c6-8122-4019a63639fe",
  "lockedBy" : null,
  "lockedOn" : "2024-07-15T14:09:24.573+00:00",
  "deleted" : false,
  "versionTs" : "2024-07-15T14:09:24.561+00:00",
  "lang" : 1,
  "variant" : "DEFAULT",
  "publishDate" : "2024-07-15T14:09:24.561+00:00"
}, {
  "identifier" : "f9bea8b1f32963c609b829c4b302be4e",
  "liveInode" : "e82ba151-6279-4e1e-9106-997b8b959a44",
  "workingInode" : "e82ba151-6279-4e1e-9106-997b8b959a44",
  "lockedBy" : null,
  "lockedOn" : "2024-07-08T10:00:04.319+00:00",
  "deleted" : false,
  "versionTs" : "2024-07-15T13:26:07.144+00:00",
  "lang" : 1,
  "variant" : "DEFAULT",
  "publishDate" : "2024-07-08T10:00:04.308+00:00"
}, {
  "identifier" : "SYSTEM_HOST",
  "liveInode" : "dbdec5e2-c02b-4cfb-83a9-4a4c4f3b2eb0",
  "workingInode" : "dbdec5e2-c02b-4cfb-83a9-4a4c4f3b2eb0",
  "lockedBy" : null,
  "lockedOn" : "2012-06-07T09:46:26.000+00:00",
  "deleted" : false,
  "versionTs" : "2024-07-15T13:26:07.144+00:00",
  "lang" : 1,
  "variant" : "DEFAULT",
  "publishDate" : "2023-05-25T21:55:00.713+00:00"
} ]