[ {
  "contentType" : {
    "clazz" : "com.dotcms.contenttype.model.type.ImmutableKeyValueContentType",
    "name" : "Language Variable",
    "id" : "f4d7c1b8-2c88-4071-abf1-a5328977b07d",
    "description" : "Default Content Type for Language Variables",
    "defaultType" : false,
    "fixed" : true,
    "iDate" : 1504197529000,
    "system" : false,
    "versionable" : true,
    "variable" : "Languagevariable",
    "modDate" : 1721834381000,
    "host" : "SYSTEM_HOST",
    "siteName" : "systemHost",
    "icon" : "language",
    "sortOrder" : 0,
    "metadata" : { },
    "folder" : "SYSTEM_FOLDER",
    "folderPath" : "/",
    "multilingualable" : false
  },
  "fields" : [ {
    "clazz" : "com.dotcms.contenttype.model.field.ImmutableTextField",
    "searchable" : true,
    "unique" : true,
    "indexed" : true,
    "listed" : true,
    "readOnly" : false,
    "forceIncludeInApi" : false,
    "id" : "05b6edc6-6443-4dc7-a884-f029b12e5a0d",
    "modDate" : 1721834381000,
    "name" : "Key",
    "required" : true,
    "variable" : "key",
    "sortOrder" : 1,
    "fixed" : true,
    "contentTypeId" : "f4d7c1b8-2c88-4071-abf1-a5328977b07d",
    "dbColumn" : "text1",
    "iDate" : 1504197530000,
    "dataType" : "TEXT"
  }, {
    "clazz" : "com.dotcms.contenttype.model.field.ImmutableTextAreaField",
    "searchable" : true,
    "unique" : false,
    "indexed" : true,
    "listed" : true,
    "readOnly" : false,
    "forceIncludeInApi" : false,
    "id" : "c7829c13-cf47-4a20-9331-85fb314cef8e",
    "modDate" : 1721834381000,
    "name" : "Value",
    "required" : true,
    "variable" : "value",
    "sortOrder" : 2,
    "fixed" : true,
    "contentTypeId" : "f4d7c1b8-2c88-4071-abf1-a5328977b07d",
    "dbColumn" : "text_area1",
    "iDate" : 1504197530000,
    "dataType" : "LONG_TEXT"
  } ],
  "fieldVariables" : [ ]
}, {
  "contentType" : {
    "clazz" : "com.dotcms.contenttype.model.type.ImmutableWidgetContentType",
    "name" : "Forms",
    "id" : "4d21b6d8-1711-4ae6-9419-89e2b1ae5a06",
    "description" : "Forms",
    "defaultType" : false,
    "fixed" : true,
    "iDate" : 1386194452000,
    "system" : true,
    "versionable" : true,
    "variable" : "forms",
    "modDate" : 1721834381000,
    "host" : "SYSTEM_HOST",
    "siteName" : "systemHost",
    "icon" : "input",
    "sortOrder" : 0,
    "metadata" : { },
    "folder" : "SYSTEM_FOLDER",
    "folderPath" : "/",
    "multilingualable" : false
  },
  "fields" : [ {
    "clazz" : "com.dotcms.contenttype.model.field.ImmutableTextField",
    "searchable" : true,
    "unique" : false,
    "indexed" : true,
    "listed" : true,
    "readOnly" : false,
    "forceIncludeInApi" : false,
    "id" : "31519868-f318-4447-88e7-0ffc2fe4b2cd",
    "modDate" : 1721834381000,
    "name" : "Form ID",
    "required" : true,
    "variable" : "formId",
    "sortOrder" : 1,
    "fixed" : true,
    "contentTypeId" : "4d21b6d8-1711-4ae6-9419-89e2b1ae5a06",
    "dbColumn" : "text1",
    "iDate" : 1311009865000,
    "dataType" : "TEXT"
  }, {
    "clazz" : "com.dotcms.contenttype.model.field.ImmutableTextField",
    "searchable" : true,
    "unique" : false,
    "indexed" : true,
    "listed" : true,
    "readOnly" : false,
    "forceIncludeInApi" : false,
    "id" : "8859f1ed-84ad-4105-acda-5d5d29553d9b",
    "modDate" : 1721834381000,
    "name" : "Widget Title",
    "required" : true,
    "variable" : "widgetTitle",
    "sortOrder" : 1,
    "fixed" : true,
    "contentTypeId" : "4d21b6d8-1711-4ae6-9419-89e2b1ae5a06",
    "dbColumn" : "text3",
    "iDate" : 1497457833000,
    "dataType" : "TEXT"
  }, {
    "clazz" : "com.dotcms.contenttype.model.field.ImmutableConstantField",
    "searchable" : true,
    "unique" : false,
    "indexed" : true,
    "listed" : false,
    "readOnly" : true,
    "forceIncludeInApi" : false,
    "id" : "d12a2a4f-45f1-4194-95e3-338865e7afde",
    "modDate" : 1721834381000,
    "name" : "Widget Usage",
    "required" : false,
    "variable" : "widgetUsage",
    "sortOrder" : 2,
    "fixed" : true,
    "contentTypeId" : "4d21b6d8-1711-4ae6-9419-89e2b1ae5a06",
    "dbColumn" : "system_field",
    "iDate" : 1497457833000,
    "dataType" : "SYSTEM"
  }, {
    "clazz" : "com.dotcms.contenttype.model.field.ImmutableConstantField",
    "searchable" : false,
    "unique" : false,
    "indexed" : false,
    "listed" : false,
    "readOnly" : false,
    "forceIncludeInApi" : false,
    "id" : "e5666638-e7f4-4b3a-b6d3-22f8d13188e8",
    "modDate" : 1721834381000,
    "name" : "Widget Code",
    "required" : false,
    "variable" : "widgetCode",
    "sortOrder" : 3,
    "values" : "$velutil.mergeTemplate('/static/content/content_form.vtl')",
    "fixed" : true,
    "contentTypeId" : "4d21b6d8-1711-4ae6-9419-89e2b1ae5a06",
    "dbColumn" : "system_field",
    "iDate" : 1568223889000,
    "dataType" : "SYSTEM"
  }, {
    "clazz" : "com.dotcms.contenttype.model.field.ImmutableConstantField",
    "searchable" : true,
    "unique" : false,
    "indexed" : true,
    "listed" : false,
    "readOnly" : true,
    "forceIncludeInApi" : false,
    "id" : "6b33d6be-d197-4f9e-8fc3-d20d36e08c75",
    "modDate" : 1721834381000,
    "name" : "Widget Pre-Execute",
    "required" : false,
    "variable" : "widgetPreexecute",
    "sortOrder" : 4,
    "fixed" : true,
    "contentTypeId" : "4d21b6d8-1711-4ae6-9419-89e2b1ae5a06",
    "dbColumn" : "system_field",
    "iDate" : 1497457833000,
    "dataType" : "SYSTEM"
  } ],
  "fieldVariables" : [ ]
}, {
  "contentType" : {
    "clazz" : "com.dotcms.contenttype.model.type.ImmutableDotAssetContentType",
    "name" : "dotAsset",
    "id" : "f2d8a1c7-2b77-2081-bcf1-b5348988c08d",
    "description" : "Default Content Type for DotAsset",
    "defaultType" : false,
    "fixed" : false,
    "iDate" : 1587411142986,
    "system" : false,
    "versionable" : true,
    "multilingualable" : false,
    "variable" : "DotAsset",
    "modDate" : 1721834381000,
    "host" : "SYSTEM_HOST",
    "siteName" : "systemHost",
    "icon" : "assessment",
    "sortOrder" : 0,
    "metadata" : { },
    "folder" : "SYSTEM_FOLDER",
    "folderPath" : "/"
  },
  "fields" : [ {
    "clazz" : "com.dotcms.contenttype.model.field.ImmutableHostFolderField",
    "searchable" : true,
    "unique" : false,
    "listed" : false,
    "readOnly" : false,
    "forceIncludeInApi" : false,
    "id" : "d8719d24-df37-3a20-9442-75fb423cef7e",
    "modDate" : 1721834381000,
    "name" : "Site or Folder",
    "required" : false,
    "variable" : "hostFolder",
    "sortOrder" : 0,
    "fixed" : false,
    "contentTypeId" : "f2d8a1c7-2b77-2081-bcf1-b5348988c08d",
    "dbColumn" : "system_field",
    "iDate" : 1587411143000,
    "indexed" : true,
    "dataType" : "SYSTEM"
  }, {
    "clazz" : "com.dotcms.contenttype.model.field.ImmutableBinaryField",
    "searchable" : true,
    "unique" : false,
    "indexed" : true,
    "listed" : true,
    "readOnly" : false,
    "forceIncludeInApi" : false,
    "id" : "06d5ecb5-5334-3cb7-a883-f029d12e6a0b",
    "modDate" : 1721834381000,
    "name" : "Asset",
    "required" : true,
    "variable" : "asset",
    "sortOrder" : 1,
    "fixed" : true,
    "contentTypeId" : "f2d8a1c7-2b77-2081-bcf1-b5348988c08d",
    "dbColumn" : "system_field",
    "iDate" : 1587411143000,
    "dataType" : "SYSTEM"
  }, {
    "clazz" : "com.dotcms.contenttype.model.field.ImmutableTagField",
    "searchable" : true,
    "unique" : false,
    "listed" : false,
    "readOnly" : false,
    "forceIncludeInApi" : false,
    "id" : "d8720d13-df48-4b29-9331-75fa314def7e",
    "modDate" : 1721834381000,
    "name" : "Tags",
    "required" : false,
    "variable" : "tags",
    "sortOrder" : 2,
    "fixed" : false,
    "contentTypeId" : "f2d8a1c7-2b77-2081-bcf1-b5348988c08d",
    "dbColumn" : "system_field",
    "iDate" : 1587411143000,
    "indexed" : true,
    "dataType" : "SYSTEM"
  } ],
  "fieldVariables" : [ ]
}, {
  "contentType" : {
    "clazz" : "com.dotcms.contenttype.model.type.ImmutableFileAssetContentType",
    "name" : "File Asset",
    "id" : "33888b6f-7a8e-4069-b1b6-5c1aa9d0a48d",
    "description" : "Default structure for all uploaded files",
    "defaultType" : false,
    "fixed" : true,
    "iDate" : 1323969554000,
    "system" : false,
    "versionable" : true,
    "multilingualable" : false,
    "variable" : "FileAsset",
    "modDate" : 1721834381000,
    "host" : "SYSTEM_HOST",
    "siteName" : "systemHost",
    "icon" : "attach_file",
    "sortOrder" : 0,
    "metadata" : { },
    "folder" : "SYSTEM_FOLDER",
    "folderPath" : "/"
  },
  "fields" : [ {
    "clazz" : "com.dotcms.contenttype.model.field.ImmutableHostFolderField",
    "searchable" : true,
    "unique" : false,
    "listed" : false,
    "readOnly" : false,
    "forceIncludeInApi" : false,
    "id" : "9e194425-7cea-45b1-81b9-aa53b4f9641e",
    "modDate" : 1721834381000,
    "name" : "Host Or Folder",
    "required" : true,
    "variable" : "hostFolder",
    "sortOrder" : 1,
    "fixed" : true,
    "contentTypeId" : "33888b6f-7a8e-4069-b1b6-5c1aa9d0a48d",
    "dbColumn" : "text1",
    "iDate" : 1323969555000,
    "indexed" : true,
    "dataType" : "TEXT"
  }, {
    "clazz" : "com.dotcms.contenttype.model.field.ImmutableTextField",
    "searchable" : true,
    "unique" : false,
    "indexed" : true,
    "listed" : true,
    "readOnly" : false,
    "forceIncludeInApi" : false,
    "id" : "f07d5eeb-609c-414a-83c7-948fce643e99",
    "modDate" : 1721834381000,
    "name" : "File Name",
    "required" : false,
    "variable" : "fileName",
    "sortOrder" : 2,
    "fixed" : true,
    "contentTypeId" : "33888b6f-7a8e-4069-b1b6-5c1aa9d0a48d",
    "dbColumn" : "text3",
    "iDate" : 1323969555000,
    "dataType" : "TEXT"
  }, {
    "clazz" : "com.dotcms.contenttype.model.field.ImmutableBinaryField",
    "searchable" : true,
    "unique" : false,
    "indexed" : true,
    "listed" : true,
    "readOnly" : false,
    "forceIncludeInApi" : false,
    "id" : "468512c0-423e-4f1a-b94c-7cf8b064260a",
    "modDate" : 1721834381000,
    "name" : "File Asset",
    "required" : true,
    "variable" : "fileAsset",
    "sortOrder" : 3,
    "fixed" : true,
    "contentTypeId" : "33888b6f-7a8e-4069-b1b6-5c1aa9d0a48d",
    "dbColumn" : "system_field",
    "iDate" : 1323969555000,
    "dataType" : "SYSTEM"
  }, {
    "clazz" : "com.dotcms.contenttype.model.field.ImmutableTextField",
    "searchable" : true,
    "unique" : false,
    "indexed" : true,
    "listed" : false,
    "readOnly" : false,
    "forceIncludeInApi" : false,
    "id" : "f49faf40-ae06-48b4-8801-cf169c9d2eb7",
    "modDate" : 1721834381000,
    "name" : "Title",
    "required" : true,
    "variable" : "title",
    "sortOrder" : 4,
    "fixed" : false,
    "contentTypeId" : "33888b6f-7a8e-4069-b1b6-5c1aa9d0a48d",
    "dbColumn" : "text2",
    "iDate" : 1323969555000,
    "dataType" : "TEXT"
  }, {
    "clazz" : "com.dotcms.contenttype.model.field.ImmutableTabDividerField",
    "searchable" : false,
    "unique" : false,
    "indexed" : false,
    "listed" : false,
    "readOnly" : false,
    "forceIncludeInApi" : false,
    "id" : "3bceabd2-a59d-4ad7-86f2-b557bfc205bb",
    "modDate" : 1721834381000,
    "name" : "Metadata",
    "required" : false,
    "variable" : "MetadataTab",
    "sortOrder" : 5,
    "fixed" : false,
    "contentTypeId" : "33888b6f-7a8e-4069-b1b6-5c1aa9d0a48d",
    "dbColumn" : "system_field",
    "iDate" : 1323969555000,
    "dataType" : "SYSTEM"
  }, {
    "clazz" : "com.dotcms.contenttype.model.field.ImmutableKeyValueField",
    "searchable" : true,
    "unique" : false,
    "listed" : false,
    "readOnly" : true,
    "forceIncludeInApi" : false,
    "id" : "c6960e09-8eb1-431e-8a5d-fa22d91cd6f1",
    "modDate" : 1721834381000,
    "name" : "Metadata",
    "required" : false,
    "variable" : "metaData",
    "sortOrder" : 6,
    "fixed" : true,
    "contentTypeId" : "33888b6f-7a8e-4069-b1b6-5c1aa9d0a48d",
    "dbColumn" : "text_area1",
    "iDate" : 1323969555000,
    "indexed" : true,
    "dataType" : "LONG_TEXT"
  }, {
    "clazz" : "com.dotcms.contenttype.model.field.ImmutableCheckboxField",
    "searchable" : false,
    "unique" : false,
    "indexed" : true,
    "listed" : false,
    "readOnly" : false,
    "forceIncludeInApi" : false,
    "id" : "b889dbf8-5e2c-4537-9f2b-024892cf2928",
    "modDate" : 1721834381000,
    "name" : "Show On Menu",
    "required" : false,
    "variable" : "showOnMenu",
    "sortOrder" : 7,
    "values" : "|true",
    "defaultValue" : "false",
    "fixed" : false,
    "contentTypeId" : "33888b6f-7a8e-4069-b1b6-5c1aa9d0a48d",
    "dbColumn" : "text4",
    "iDate" : 1323969555000,
    "dataType" : "TEXT"
  }, {
    "clazz" : "com.dotcms.contenttype.model.field.ImmutableTextField",
    "searchable" : false,
    "unique" : false,
    "indexed" : true,
    "listed" : false,
    "readOnly" : false,
    "forceIncludeInApi" : false,
    "id" : "46c9ead3-f501-42ca-9ac6-289ef109809f",
    "modDate" : 1721834381000,
    "name" : "Sort Order",
    "required" : false,
    "variable" : "sortOrder",
    "sortOrder" : 8,
    "defaultValue" : "0",
    "fixed" : false,
    "contentTypeId" : "33888b6f-7a8e-4069-b1b6-5c1aa9d0a48d",
    "dbColumn" : "integer1",
    "iDate" : 1323969555000,
    "dataType" : "INTEGER"
  }, {
    "clazz" : "com.dotcms.contenttype.model.field.ImmutableTextField",
    "searchable" : false,
    "unique" : false,
    "indexed" : true,
    "listed" : false,
    "readOnly" : false,
    "forceIncludeInApi" : false,
    "id" : "280f79fd-2c84-4840-8672-0651558974bd",
    "modDate" : 1721834381000,
    "name" : "Description",
    "required" : false,
    "variable" : "description",
    "sortOrder" : 9,
    "fixed" : false,
    "contentTypeId" : "33888b6f-7a8e-4069-b1b6-5c1aa9d0a48d",
    "dbColumn" : "text5",
    "iDate" : 1323969555000,
    "dataType" : "TEXT"
  } ],
  "fieldVariables" : [ ]
}, {
  "contentType" : {
    "clazz" : "com.dotcms.contenttype.model.type.ImmutableVanityUrlContentType",
    "name" : "Vanity URL",
    "id" : "8e850645-bb92-4fda-a765-e67063a59be0",
    "description" : "Default Content Type for Vanity URLs",
    "defaultType" : false,
    "fixed" : true,
    "iDate" : 1504197529000,
    "system" : false,
    "versionable" : true,
    "multilingualable" : false,
    "variable" : "Vanityurl",
    "modDate" : 1721834381000,
    "host" : "SYSTEM_HOST",
    "siteName" : "systemHost",
    "icon" : "link",
    "sortOrder" : 0,
    "metadata" : { },
    "folder" : "SYSTEM_FOLDER",
    "folderPath" : "/"
  },
  "fields" : [ {
    "clazz" : "com.dotcms.contenttype.model.field.ImmutableTextField",
    "searchable" : true,
    "unique" : false,
    "indexed" : true,
    "listed" : true,
    "readOnly" : false,
    "forceIncludeInApi" : false,
    "id" : "4e64a309-8c5e-48cf-b4a9-e724a5e09575",
    "modDate" : 1721834381000,
    "name" : "Title",
    "required" : true,
    "variable" : "title",
    "sortOrder" : 1,
    "fixed" : true,
    "contentTypeId" : "8e850645-bb92-4fda-a765-e67063a59be0",
    "dbColumn" : "text1",
    "iDate" : 1504197529000,
    "dataType" : "TEXT"
  }, {
    "clazz" : "com.dotcms.contenttype.model.field.ImmutableHostFolderField",
    "searchable" : false,
    "unique" : false,
    "listed" : false,
    "readOnly" : false,
    "forceIncludeInApi" : false,
    "id" : "3b7f25bb-c5be-48bb-b00b-5b1b754e550c",
    "modDate" : 1721834381000,
    "name" : "Site",
    "required" : true,
    "variable" : "site",
    "sortOrder" : 2,
    "values" : "$velutil.mergeTemplate('/static/content/site_selector_field_render.vtl')",
    "fixed" : true,
    "contentTypeId" : "8e850645-bb92-4fda-a765-e67063a59be0",
    "dbColumn" : "system_field",
    "iDate" : 1504197529000,
    "indexed" : true,
    "dataType" : "SYSTEM"
  }, {
    "clazz" : "com.dotcms.contenttype.model.field.ImmutableTextField",
    "searchable" : true,
    "unique" : false,
    "indexed" : true,
    "listed" : true,
    "readOnly" : false,
    "forceIncludeInApi" : false,
    "id" : "de4fea7f-4d8f-48eb-8a63-20772dced99a",
    "modDate" : 1721834381000,
    "name" : "Uri",
    "required" : true,
    "variable" : "uri",
    "sortOrder" : 3,
    "fixed" : true,
    "contentTypeId" : "8e850645-bb92-4fda-a765-e67063a59be0",
    "dbColumn" : "text3",
    "iDate" : 1504197529000,
    "dataType" : "TEXT"
  }, {
    "clazz" : "com.dotcms.contenttype.model.field.ImmutableSelectField",
    "searchable" : true,
    "unique" : false,
    "indexed" : true,
    "listed" : true,
    "readOnly" : false,
    "forceIncludeInApi" : false,
    "id" : "7e438b93-b631-4812-9c9c-331b03e6b1cd",
    "modDate" : 1721834381000,
    "name" : "Action",
    "required" : true,
    "variable" : "action",
    "sortOrder" : 4,
    "values" : "200 - Forward|200\r\n301 - Permanent Redirect|301\r\n302 - Temporary Redirect|302",
    "fixed" : true,
    "contentTypeId" : "8e850645-bb92-4fda-a765-e67063a59be0",
    "dbColumn" : "integer1",
    "iDate" : 1504197529000,
    "dataType" : "INTEGER"
  }, {
    "clazz" : "com.dotcms.contenttype.model.field.ImmutableCustomField",
    "searchable" : false,
    "unique" : false,
    "indexed" : true,
    "listed" : true,
    "readOnly" : false,
    "forceIncludeInApi" : false,
    "id" : "49f3803a-b2b0-4e03-bb2e-d1bb2a1c135e",
    "modDate" : 1721834381000,
    "name" : "Forward To",
    "required" : true,
    "variable" : "forwardTo",
    "sortOrder" : 5,
    "values" : "$velutil.mergeTemplate('/static/content/file_browser_field_render.vtl')",
    "fixed" : true,
    "contentTypeId" : "8e850645-bb92-4fda-a765-e67063a59be0",
    "dbColumn" : "text4",
    "iDate" : 1504197529000,
    "dataType" : "TEXT"
  }, {
    "clazz" : "com.dotcms.contenttype.model.field.ImmutableTextField",
    "searchable" : true,
    "unique" : false,
    "indexed" : true,
    "listed" : false,
    "readOnly" : false,
    "forceIncludeInApi" : false,
    "id" : "9ae3e58a-75c9-4e4a-90f3-6f0d5f32a6f0",
    "modDate" : 1721834381000,
    "name" : "Order",
    "required" : true,
    "variable" : "order",
    "sortOrder" : 6,
    "defaultValue" : "0",
    "fixed" : true,
    "contentTypeId" : "8e850645-bb92-4fda-a765-e67063a59be0",
    "dbColumn" : "integer2",
    "iDate" : 1504197529000,
    "dataType" : "INTEGER"
  } ],
  "fieldVariables" : [ ]
}, {
  "contentType" : {
    "clazz" : "com.dotcms.contenttype.model.type.ImmutablePageContentType",
    "name" : "Page",
    "id" : "c541abb1-69b3-4bc5-8430-5e09e5239cc8",
    "description" : "Default Structure for Pages",
    "defaultType" : false,
    "fixed" : true,
    "iDate" : 1432812394000,
    "system" : false,
    "versionable" : true,
    "multilingualable" : false,
    "variable" : "htmlpageasset",
    "modDate" : 1721834381000,
    "host" : "SYSTEM_HOST",
    "siteName" : "systemHost",
    "icon" : "description",
    "sortOrder" : 0,
    "metadata" : { },
    "folder" : "SYSTEM_FOLDER",
    "folderPath" : "/"
  },
  "fields" : [ {
    "clazz" : "com.dotcms.contenttype.model.field.ImmutableCustomField",
    "searchable" : true,
    "unique" : false,
    "indexed" : true,
    "listed" : true,
    "readOnly" : false,
    "forceIncludeInApi" : false,
    "id" : "c623cd2f-6653-47d8-9825-1153061ea088",
    "modDate" : 1721834381000,
    "name" : "Title",
    "required" : true,
    "variable" : "title",
    "sortOrder" : 1,
    "values" : "$velutil.mergeTemplate('/static/htmlpage_assets/title_custom_field.vtl')",
    "fixed" : true,
    "contentTypeId" : "c541abb1-69b3-4bc5-8430-5e09e5239cc8",
    "dbColumn" : "text1",
    "iDate" : 1421398266000,
    "dataType" : "TEXT"
  }, {
    "clazz" : "com.dotcms.contenttype.model.field.ImmutableTextField",
    "searchable" : true,
    "unique" : false,
    "indexed" : true,
    "listed" : true,
    "readOnly" : false,
    "forceIncludeInApi" : false,
    "id" : "a1bfbb4f-b78b-4197-94e7-917f4e812043",
    "modDate" : 1721834381000,
    "name" : "Url",
    "required" : true,
    "variable" : "url",
    "sortOrder" : 2,
    "fixed" : true,
    "contentTypeId" : "c541abb1-69b3-4bc5-8430-5e09e5239cc8",
    "dbColumn" : "text3",
    "iDate" : 1421398266000,
    "dataType" : "TEXT"
  }, {
    "clazz" : "com.dotcms.contenttype.model.field.ImmutableHostFolderField",
    "searchable" : true,
    "unique" : false,
    "listed" : false,
    "readOnly" : false,
    "forceIncludeInApi" : false,
    "id" : "23b5f1be-935e-442e-be48-1cf2d1c96d71",
    "modDate" : 1721834381000,
    "name" : "Host or Folder",
    "required" : true,
    "variable" : "hostFolder",
    "sortOrder" : 3,
    "fixed" : true,
    "contentTypeId" : "c541abb1-69b3-4bc5-8430-5e09e5239cc8",
    "dbColumn" : "text2",
    "iDate" : 1421398266000,
    "indexed" : true,
    "dataType" : "TEXT"
  }, {
    "clazz" : "com.dotcms.contenttype.model.field.ImmutableCustomField",
    "searchable" : true,
    "unique" : false,
    "indexed" : true,
    "listed" : false,
    "readOnly" : false,
    "forceIncludeInApi" : false,
    "id" : "bf73876b-8517-4123-a0ec-d862ba6e8797",
    "modDate" : 1721834381000,
    "name" : "Template",
    "required" : true,
    "variable" : "template",
    "sortOrder" : 4,
    "values" : "$velutil.mergeTemplate('/static/htmlpage_assets/template_custom_field.vtl')",
    "fixed" : true,
    "contentTypeId" : "c541abb1-69b3-4bc5-8430-5e09e5239cc8",
    "dbColumn" : "text5",
    "iDate" : 1421398266000,
    "dataType" : "TEXT"
  }, {
    "clazz" : "com.dotcms.contenttype.model.field.ImmutableTextField",
    "searchable" : true,
    "unique" : false,
    "indexed" : true,
    "listed" : false,
    "readOnly" : false,
    "forceIncludeInApi" : false,
    "id" : "d8a7431e-140d-4076-bf07-17fdfad6a14e",
    "modDate" : 1721834381000,
    "name" : "Friendly Name",
    "required" : true,
    "variable" : "friendlyName",
    "sortOrder" : 5,
    "fixed" : false,
    "contentTypeId" : "c541abb1-69b3-4bc5-8430-5e09e5239cc8",
    "dbColumn" : "text7",
    "iDate" : 1421398266000,
    "dataType" : "TEXT"
  }, {
    "clazz" : "com.dotcms.contenttype.model.field.ImmutableCheckboxField",
    "searchable" : false,
    "unique" : false,
    "indexed" : true,
    "listed" : false,
    "readOnly" : false,
    "forceIncludeInApi" : false,
    "id" : "99ac031c-7d72-4b08-bedd-37a71b594950",
    "modDate" : 1721834381000,
    "name" : "Show on Menu",
    "required" : false,
    "variable" : "showOnMenu",
    "sortOrder" : 6,
    "values" : "|true",
    "defaultValue" : "false",
    "fixed" : false,
    "contentTypeId" : "c541abb1-69b3-4bc5-8430-5e09e5239cc8",
    "dbColumn" : "text6",
    "iDate" : 1421398266000,
    "dataType" : "TEXT"
  }, {
    "clazz" : "com.dotcms.contenttype.model.field.ImmutableTextField",
    "searchable" : true,
    "unique" : false,
    "indexed" : true,
    "listed" : false,
    "readOnly" : false,
    "forceIncludeInApi" : false,
    "id" : "1677ca4f-e46f-449f-ae59-4952fb567e5e",
    "modDate" : 1721834381000,
    "name" : "Sort Order",
    "required" : true,
    "variable" : "sortOrder",
    "sortOrder" : 7,
    "defaultValue" : "0",
    "fixed" : false,
    "contentTypeId" : "c541abb1-69b3-4bc5-8430-5e09e5239cc8",
    "dbColumn" : "integer1",
    "iDate" : 1421398266000,
    "dataType" : "INTEGER"
  }, {
    "clazz" : "com.dotcms.contenttype.model.field.ImmutableCustomField",
    "searchable" : true,
    "unique" : false,
    "indexed" : true,
    "listed" : false,
    "readOnly" : false,
    "forceIncludeInApi" : false,
    "id" : "e633ab20-0aa1-4ed1-b052-82a711af61df",
    "modDate" : 1721834381000,
    "name" : "Cache TTL",
    "required" : true,
    "variable" : "cachettl",
    "sortOrder" : 8,
    "values" : "$velutil.mergeTemplate('/static/htmlpage_assets/cachettl_custom_field.vtl')",
    "regexCheck" : "^[0-9]+$",
    "fixed" : false,
    "contentTypeId" : "c541abb1-69b3-4bc5-8430-5e09e5239cc8",
    "dbColumn" : "text4",
    "iDate" : 1421398266000,
    "dataType" : "TEXT"
  }, {
    "clazz" : "com.dotcms.contenttype.model.field.ImmutableTabDividerField",
    "searchable" : false,
    "unique" : false,
    "indexed" : false,
    "listed" : false,
    "readOnly" : false,
    "forceIncludeInApi" : false,
    "id" : "1aa4bbc6-d30e-4b43-8f13-d6e8f2a58a52",
    "modDate" : 1721834381000,
    "name" : "Advanced Properties",
    "required" : false,
    "variable" : "advancedtab",
    "sortOrder" : 9,
    "fixed" : false,
    "contentTypeId" : "c541abb1-69b3-4bc5-8430-5e09e5239cc8",
    "dbColumn" : "system_field",
    "iDate" : 1421398266000,
    "dataType" : "SYSTEM"
  }, {
    "clazz" : "com.dotcms.contenttype.model.field.ImmutableCustomField",
    "searchable" : true,
    "unique" : false,
    "indexed" : true,
    "listed" : false,
    "readOnly" : false,
    "forceIncludeInApi" : false,
    "id" : "ba99667c-87be-44cd-82b6-4aa7bb157ac7",
    "modDate" : 1721834381000,
    "name" : "Redirect Url",
    "required" : false,
    "variable" : "redirecturl",
    "sortOrder" : 10,
    "values" : "$velutil.mergeTemplate('/static/htmlpage_assets/redirect_custom_field.vtl')",
    "fixed" : false,
    "contentTypeId" : "c541abb1-69b3-4bc5-8430-5e09e5239cc8",
    "dbColumn" : "text8",
    "iDate" : 1421398266000,
    "dataType" : "TEXT"
  }, {
    "clazz" : "com.dotcms.contenttype.model.field.ImmutableCheckboxField",
    "searchable" : false,
    "unique" : false,
    "indexed" : true,
    "listed" : false,
    "readOnly" : false,
    "forceIncludeInApi" : false,
    "id" : "b0d65eee-b050-4fa2-bcf6-4016dc4e20af",
    "modDate" : 1721834381000,
    "name" : "HTTPS Required",
    "required" : false,
    "variable" : "httpsreq",
    "sortOrder" : 11,
    "values" : "|true",
    "defaultValue" : "false",
    "fixed" : false,
    "contentTypeId" : "c541abb1-69b3-4bc5-8430-5e09e5239cc8",
    "dbColumn" : "text9",
    "iDate" : 1421398266000,
    "dataType" : "TEXT"
  }, {
    "clazz" : "com.dotcms.contenttype.model.field.ImmutableTextAreaField",
    "searchable" : true,
    "unique" : false,
    "indexed" : true,
    "listed" : false,
    "readOnly" : false,
    "forceIncludeInApi" : false,
    "id" : "dfc5f28d-d47e-4007-869a-f2d5cfbc3d39",
    "modDate" : 1721834381000,
    "name" : "SEO Description",
    "required" : false,
    "variable" : "seodescription",
    "sortOrder" : 12,
    "fixed" : false,
    "contentTypeId" : "c541abb1-69b3-4bc5-8430-5e09e5239cc8",
    "dbColumn" : "text_area1",
    "iDate" : 1421398266000,
    "dataType" : "LONG_TEXT"
  }, {
    "clazz" : "com.dotcms.contenttype.model.field.ImmutableTextAreaField",
    "searchable" : true,
    "unique" : false,
    "indexed" : true,
    "listed" : false,
    "readOnly" : false,
    "forceIncludeInApi" : false,
    "id" : "f00b3844-820d-4967-9f8e-0cce68d22b13",
    "modDate" : 1721834381000,
    "name" : "SEO Keywords",
    "required" : false,
    "variable" : "seokeywords",
    "sortOrder" : 13,
    "fixed" : false,
    "contentTypeId" : "c541abb1-69b3-4bc5-8430-5e09e5239cc8",
    "dbColumn" : "text_area2",
    "iDate" : 1421398266000,
    "dataType" : "LONG_TEXT"
  }, {
    "clazz" : "com.dotcms.contenttype.model.field.ImmutableTextAreaField",
    "searchable" : true,
    "unique" : false,
    "indexed" : true,
    "listed" : false,
    "readOnly" : false,
    "forceIncludeInApi" : false,
    "id" : "c50906a6-dafb-4348-a185-a9334448813c",
    "modDate" : 1721834381000,
    "name" : "Page Metadata",
    "required" : false,
    "variable" : "pagemetadata",
    "sortOrder" : 14,
    "fixed" : false,
    "contentTypeId" : "c541abb1-69b3-4bc5-8430-5e09e5239cc8",
    "dbColumn" : "text_area3",
    "iDate" : 1421398266000,
    "dataType" : "LONG_TEXT"
  }, {
    "clazz" : "com.dotcms.contenttype.model.field.ImmutableTextField",
    "searchable" : false,
    "unique" : false,
    "indexed" : false,
    "listed" : false,
    "readOnly" : false,
    "forceIncludeInApi" : false,
    "id" : "95b191a7-a28e-463f-bb0f-e0d36fb40022",
    "modDate" : 1721834381000,
    "name" : "Canonical URL",
    "required" : false,
    "variable" : "canonicalUrl",
    "sortOrder" : 15,
    "fixed" : false,
    "contentTypeId" : "c541abb1-69b3-4bc5-8430-5e09e5239cc8",
    "dbColumn" : "text10",
    "iDate" : 1432812395000,
    "dataType" : "TEXT"
  } ],
  "fieldVariables" : [ ]
}, {
  "contentType" : {
    "clazz" : "com.dotcms.contenttype.model.type.ImmutableSimpleContentType",
    "name" : "Host",
    "id" : "855a2d72-f2f3-4169-8b04-ac5157c4380c",
    "description" : "System hosts information",
    "defaultType" : false,
    "fixed" : true,
    "iDate" : 1459177814000,
    "system" : true,
    "versionable" : true,
    "multilingualable" : false,
    "variable" : "Host",
    "modDate" : 1721834381000,
    "host" : "SYSTEM_HOST",
    "siteName" : "systemHost",
    "icon" : "computer",
    "sortOrder" : 0,
    "metadata" : { },
    "folder" : "SYSTEM_FOLDER",
    "folderPath" : "/"
  },
  "fields" : [ {
    "clazz" : "com.dotcms.contenttype.model.field.ImmutableRowField",
    "fieldContentTypeProperties" : [ ],
    "searchable" : false,
    "unique" : false,
    "indexed" : false,
    "listed" : false,
    "readOnly" : false,
    "forceIncludeInApi" : false,
    "id" : "d59ffe8d-7f46-4b68-a243-dbbd3be11f74",
    "modDate" : 1721834381000,
    "name" : "fields-2",
    "required" : false,
    "variable" : "fields0",
    "sortOrder" : 0,
    "fixed" : false,
    "contentTypeId" : "855a2d72-f2f3-4169-8b04-ac5157c4380c",
    "dbColumn" : "system_field",
    "iDate" : 1527170171000,
    "dataType" : "SYSTEM"
  }, {
    "clazz" : "com.dotcms.contenttype.model.field.ImmutableColumnField",
    "fieldContentTypeProperties" : [ ],
    "searchable" : false,
    "unique" : false,
    "indexed" : false,
    "listed" : false,
    "readOnly" : false,
    "forceIncludeInApi" : false,
    "id" : "2b97316e-6801-4b61-9dfd-960fc2986380",
    "modDate" : 1721834381000,
    "name" : "fields-3",
    "required" : false,
    "variable" : "fields1",
    "sortOrder" : 1,
    "fixed" : false,
    "contentTypeId" : "855a2d72-f2f3-4169-8b04-ac5157c4380c",
    "dbColumn" : "system_field",
    "iDate" : 1527170171000,
    "dataType" : "SYSTEM"
  }, {
    "clazz" : "com.dotcms.contenttype.model.field.ImmutableTextField",
    "searchable" : true,
    "unique" : true,
    "indexed" : true,
    "listed" : true,
    "readOnly" : false,
    "forceIncludeInApi" : false,
    "id" : "ec8cc36f-6058-4ab5-9bfb-fc36ab011ee5",
    "modDate" : 1721834381000,
    "name" : "Site Key",
    "required" : true,
    "variable" : "hostName",
    "sortOrder" : 2,
    "fixed" : true,
    "contentTypeId" : "855a2d72-f2f3-4169-8b04-ac5157c4380c",
    "dbColumn" : "text1",
    "iDate" : 1258480531000,
    "dataType" : "TEXT"
  }, {
    "clazz" : "com.dotcms.contenttype.model.field.ImmutableTextAreaField",
    "searchable" : true,
    "unique" : false,
    "indexed" : true,
    "listed" : true,
    "readOnly" : false,
    "forceIncludeInApi" : false,
    "id" : "01f23a87-9859-4860-8368-f70a6ba9687f",
    "modDate" : 1721834381000,
    "name" : "Aliases",
    "required" : false,
    "variable" : "aliases",
    "sortOrder" : 3,
    "fixed" : true,
    "contentTypeId" : "855a2d72-f2f3-4169-8b04-ac5157c4380c",
    "dbColumn" : "text_area1",
    "iDate" : 1258480531000,
    "dataType" : "LONG_TEXT"
  }, {
    "clazz" : "com.dotcms.contenttype.model.field.ImmutableCustomField",
    "searchable" : false,
    "unique" : false,
    "indexed" : true,
    "listed" : false,
    "readOnly" : false,
    "forceIncludeInApi" : false,
    "id" : "cf5d08aa-7ff0-4fc8-a6ac-5a36e82cd741",
    "modDate" : 1721834381000,
    "name" : "Tag Storage",
    "required" : false,
    "variable" : "tagStorage",
    "sortOrder" : 4,
    "values" : "#parse('static/tag/tag_storage_field_creation.vtl')",
    "fixed" : true,
    "contentTypeId" : "855a2d72-f2f3-4169-8b04-ac5157c4380c",
    "dbColumn" : "text4",
    "iDate" : 1323987554000,
    "dataType" : "TEXT"
  }, {
    "clazz" : "com.dotcms.contenttype.model.field.ImmutableHiddenField",
    "searchable" : false,
    "unique" : false,
    "indexed" : true,
    "listed" : false,
    "readOnly" : true,
    "forceIncludeInApi" : false,
    "id" : "c4628fad-9122-404a-8248-faaac4e6c29f",
    "modDate" : 1721834381000,
    "name" : "Is Default",
    "required" : false,
    "variable" : "isDefault",
    "sortOrder" : 5,
    "values" : "true|true\nfalse|false",
    "defaultValue" : "false",
    "fixed" : true,
    "contentTypeId" : "855a2d72-f2f3-4169-8b04-ac5157c4380c",
    "dbColumn" : "bool1",
    "iDate" : 1258480531000,
    "dataType" : "BOOL"
  }, {
    "clazz" : "com.dotcms.contenttype.model.field.ImmutableHiddenField",
    "searchable" : false,
    "unique" : false,
    "indexed" : true,
    "listed" : false,
    "readOnly" : true,
    "forceIncludeInApi" : false,
    "id" : "a0712c61-06ec-4019-a148-21d53fe05f92",
    "modDate" : 1721834381000,
    "name" : "Is System Host",
    "required" : false,
    "variable" : "isSystemHost",
    "sortOrder" : 6,
    "values" : "true|true\nfalse|false",
    "defaultValue" : "false",
    "fixed" : true,
    "contentTypeId" : "855a2d72-f2f3-4169-8b04-ac5157c4380c",
    "dbColumn" : "bool2",
    "iDate" : 1258480531000,
    "dataType" : "BOOL"
  }, {
    "clazz" : "com.dotcms.contenttype.model.field.ImmutableBinaryField",
    "searchable" : false,
    "unique" : false,
    "indexed" : false,
    "listed" : false,
    "readOnly" : false,
    "forceIncludeInApi" : false,
    "id" : "8377586d-ac40-43b9-81ce-55b64f24433b",
    "modDate" : 1721834381000,
    "name" : "Host Thumbnail",
    "required" : false,
    "variable" : "hostThumbnail",
    "sortOrder" : 7,
    "fixed" : false,
    "contentTypeId" : "855a2d72-f2f3-4169-8b04-ac5157c4380c",
    "dbColumn" : "system_field",
    "iDate" : 1258480531000,
    "dataType" : "SYSTEM"
  }, {
    "clazz" : "com.dotcms.contenttype.model.field.ImmutableRadioField",
    "searchable" : false,
    "unique" : false,
    "indexed" : true,
    "listed" : false,
    "readOnly" : false,
    "forceIncludeInApi" : false,
    "id" : "2f00a11d-f64c-4f8f-8126-238cc01fbf96",
    "modDate" : 1721834381000,
    "name" : "Run Dashboard",
    "required" : false,
    "variable" : "runDashboard",
    "sortOrder" : 8,
    "values" : "Yes|1\r\nNo|0",
    "defaultValue" : "0",
    "fixed" : true,
    "contentTypeId" : "855a2d72-f2f3-4169-8b04-ac5157c4380c",
    "dbColumn" : "bool3",
    "iDate" : 1301085005000,
    "dataType" : "BOOL"
  } ],
  "fieldVariables" : [ ]
}, {
  "contentType" : {
    "clazz" : "com.dotcms.contenttype.model.type.ImmutableDotAssetContentType",
    "name" : "Image",
    "id" : "2c46b6586c38852ac08a824a303ced80",
    "description" : "Media image file content",
    "defaultType" : false,
    "fixed" : false,
    "iDate" : 1665698759000,
    "system" : false,
    "versionable" : true,
    "multilingualable" : false,
    "variable" : "Image",
    "modDate" : 1721834381000,
    "host" : "8a7d5e23-da1e-420a-b4f0-471e7da8ea2d",
    "siteName" : "default",
    "icon" : "file_copy",
    "sortOrder" : 0,
    "metadata" : { },
    "folder" : "SYSTEM_FOLDER",
    "folderPath" : "/"
  },
  "fields" : [ {
    "clazz" : "com.dotcms.contenttype.model.field.ImmutableHostFolderField",
    "searchable" : true,
    "unique" : false,
    "listed" : false,
    "readOnly" : false,
    "forceIncludeInApi" : false,
    "id" : "ee1e372c2ea0168b1c8f39486346ea4f",
    "modDate" : 1721834381000,
    "name" : "Site or Folder",
    "required" : false,
    "variable" : "hostFolder",
    "sortOrder" : 0,
    "fixed" : false,
    "contentTypeId" : "2c46b6586c38852ac08a824a303ced80",
    "dbColumn" : "system_field",
    "iDate" : 1665698759000,
    "indexed" : true,
    "dataType" : "SYSTEM"
  }, {
    "clazz" : "com.dotcms.contenttype.model.field.ImmutableBinaryField",
    "searchable" : true,
    "unique" : false,
    "indexed" : true,
    "listed" : true,
    "readOnly" : false,
    "forceIncludeInApi" : false,
    "id" : "32905984b84a30b712b828c911b5da30",
    "modDate" : 1721834381000,
    "name" : "Asset",
    "required" : true,
    "variable" : "asset",
    "sortOrder" : 1,
    "fixed" : true,
    "contentTypeId" : "2c46b6586c38852ac08a824a303ced80",
    "dbColumn" : "system_field",
    "iDate" : 1665698759000,
    "dataType" : "SYSTEM"
  }, {
    "clazz" : "com.dotcms.contenttype.model.field.ImmutableTagField",
    "searchable" : true,
    "unique" : false,
    "listed" : false,
    "readOnly" : false,
    "forceIncludeInApi" : false,
    "id" : "c1e8085b4626312510a6a204e78257c7",
    "modDate" : 1721834381000,
    "name" : "Tags",
    "required" : false,
    "variable" : "tags",
    "sortOrder" : 2,
    "fixed" : false,
    "contentTypeId" : "2c46b6586c38852ac08a824a303ced80",
    "dbColumn" : "system_field",
    "iDate" : 1665698759000,
    "indexed" : true,
    "dataType" : "SYSTEM"
  } ],
  "fieldVariables" : [ {
    "clazz" : "com.dotcms.contenttype.model.field.ImmutableFieldVariable",
    "id" : "052e5a29-bed5-4b39-b1ca-2b64359d5966",
    "fieldId" : "32905984b84a30b712b828c911b5da30",
    "name" : "1665698777059",
    "key" : "accept",
    "value" : "image/*",
    "userId" : "system",
    "modDate" : 1721834381000
  } ]
}, {
  "contentType" : {
    "clazz" : "com.dotcms.contenttype.model.type.ImmutableDotAssetContentType",
    "name" : "Video",
    "id" : "c77450b834901a20c8193ef9d561ee5b",
    "description" : "Media video file content",
    "defaultType" : false,
    "fixed" : false,
    "iDate" : 1665698804000,
    "system" : false,
    "versionable" : true,
    "multilingualable" : false,
    "variable" : "Video",
    "modDate" : 1721834381000,
    "host" : "8a7d5e23-da1e-420a-b4f0-471e7da8ea2d",
    "siteName" : "default",
    "icon" : "file_copy",
    "sortOrder" : 0,
    "metadata" : { },
    "folder" : "SYSTEM_FOLDER",
    "folderPath" : "/"
  },
  "fields" : [ {
    "clazz" : "com.dotcms.contenttype.model.field.ImmutableHostFolderField",
    "searchable" : true,
    "unique" : false,
    "listed" : false,
    "readOnly" : false,
    "forceIncludeInApi" : false,
    "id" : "add79c4eb798bb80e539229ed158c824",
    "modDate" : 1721834381000,
    "name" : "Site or Folder",
    "required" : false,
    "variable" : "hostFolder",
    "sortOrder" : 0,
    "fixed" : false,
    "contentTypeId" : "c77450b834901a20c8193ef9d561ee5b",
    "dbColumn" : "system_field",
    "iDate" : 1665698804000,
    "indexed" : true,
    "dataType" : "SYSTEM"
  }, {
    "clazz" : "com.dotcms.contenttype.model.field.ImmutableBinaryField",
    "searchable" : true,
    "unique" : false,
    "indexed" : true,
    "listed" : true,
    "readOnly" : false,
    "forceIncludeInApi" : false,
    "id" : "fe416dcd4e400d596dcd581f75a51bd6",
    "modDate" : 1721834381000,
    "name" : "Asset",
    "required" : true,
    "variable" : "asset",
    "sortOrder" : 1,
    "fixed" : true,
    "contentTypeId" : "c77450b834901a20c8193ef9d561ee5b",
    "dbColumn" : "system_field",
    "iDate" : 1665698804000,
    "dataType" : "SYSTEM"
  }, {
    "clazz" : "com.dotcms.contenttype.model.field.ImmutableTagField",
    "searchable" : true,
    "unique" : false,
    "listed" : false,
    "readOnly" : false,
    "forceIncludeInApi" : false,
    "id" : "194b033a5e8357d01fe3d0fca0d44640",
    "modDate" : 1721834381000,
    "name" : "Tags",
    "required" : false,
    "variable" : "tags",
    "sortOrder" : 2,
    "fixed" : false,
    "contentTypeId" : "c77450b834901a20c8193ef9d561ee5b",
    "dbColumn" : "system_field",
    "iDate" : 1665698804000,
    "indexed" : true,
    "dataType" : "SYSTEM"
  } ],
  "fieldVariables" : [ {
    "clazz" : "com.dotcms.contenttype.model.field.ImmutableFieldVariable",
    "id" : "a4c308be-5ef9-4fca-834c-9d8b97267605",
    "fieldId" : "fe416dcd4e400d596dcd581f75a51bd6",
    "name" : "1665698819594",
    "key" : "accept",
    "value" : "video/*",
    "userId" : "system",
    "modDate" : 1721834381000
  } ]
}, {
  "contentType" : {
    "clazz" : "com.dotcms.contenttype.model.type.ImmutableSimpleContentType",
    "name" : "Content (Generic)",
    "id" : "2a3e91e4-fbbf-4876-8c5b-2233c1739b05",
    "description" : "Basic default web page content",
    "defaultType" : true,
    "fixed" : false,
    "iDate" : 1489071096000,
    "system" : false,
    "versionable" : true,
    "multilingualable" : false,
    "variable" : "webPageContent",
    "modDate" : 1721834381000,
    "host" : "SYSTEM_HOST",
    "siteName" : "systemHost",
    "icon" : "article",
    "sortOrder" : 0,
    "metadata" : { },
    "folder" : "SYSTEM_FOLDER",
    "folderPath" : "/"
  },
  "fields" : [ {
    "clazz" : "com.dotcms.contenttype.model.field.ImmutableRowField",
    "fieldContentTypeProperties" : [ ],
    "searchable" : false,
    "unique" : false,
    "indexed" : false,
    "listed" : false,
    "readOnly" : false,
    "forceIncludeInApi" : false,
    "id" : "67c89b1df448623087f2f39fe3a7b9e8",
    "modDate" : 1721834381000,
    "name" : "Row Field",
    "required" : false,
    "variable" : "rowField",
    "sortOrder" : 0,
    "fixed" : false,
    "contentTypeId" : "2a3e91e4-fbbf-4876-8c5b-2233c1739b05",
    "dbColumn" : "system_field",
    "iDate" : 1665698711000,
    "dataType" : "SYSTEM"
  }, {
    "clazz" : "com.dotcms.contenttype.model.field.ImmutableColumnField",
    "fieldContentTypeProperties" : [ ],
    "searchable" : false,
    "unique" : false,
    "indexed" : false,
    "listed" : false,
    "readOnly" : false,
    "forceIncludeInApi" : false,
    "id" : "32b02fef08e09ddec71cb6f444343738",
    "modDate" : 1721834381000,
    "name" : "Column Field",
    "required" : false,
    "variable" : "columnField",
    "sortOrder" : 1,
    "fixed" : false,
    "contentTypeId" : "2a3e91e4-fbbf-4876-8c5b-2233c1739b05",
    "dbColumn" : "system_field",
    "iDate" : 1665698711000,
    "dataType" : "SYSTEM"
  }, {
    "clazz" : "com.dotcms.contenttype.model.field.ImmutableTextField",
    "searchable" : true,
    "unique" : false,
    "indexed" : true,
    "listed" : true,
    "readOnly" : false,
    "forceIncludeInApi" : false,
    "id" : "9f5a97dc-703c-4721-9cce-29478671558b",
    "modDate" : 1721834381000,
    "name" : "Title",
    "required" : true,
    "variable" : "title",
    "sortOrder" : 2,
    "regexCheck" : "[^(<[.\\n]+>)]*",
    "fixed" : false,
    "contentTypeId" : "2a3e91e4-fbbf-4876-8c5b-2233c1739b05",
    "dbColumn" : "text1",
    "iDate" : 1266962755000,
    "dataType" : "TEXT"
  }, {
    "clazz" : "com.dotcms.contenttype.model.field.ImmutableHostFolderField",
    "searchable" : false,
    "unique" : false,
    "listed" : false,
    "readOnly" : false,
    "forceIncludeInApi" : false,
    "id" : "49c5bd96-d70c-441c-9c5f-7ccaa8e7ff9a",
    "modDate" : 1721834381000,
    "name" : "Site",
    "required" : true,
    "variable" : "contentHost",
    "sortOrder" : 3,
    "fixed" : false,
    "contentTypeId" : "2a3e91e4-fbbf-4876-8c5b-2233c1739b05",
    "dbColumn" : "system_field",
    "iDate" : 1267102629000,
    "indexed" : true,
    "dataType" : "SYSTEM"
  }, {
    "clazz" : "com.dotcms.contenttype.model.field.ImmutableStoryBlockField",
    "searchable" : false,
    "unique" : false,
    "indexed" : false,
    "listed" : false,
    "readOnly" : false,
    "forceIncludeInApi" : false,
    "id" : "5c6e0bff-cfeb-44c6-86e2-a0ba40e7b66c",
    "modDate" : 1721834381000,
    "name" : "Body",
    "required" : true,
    "variable" : "body",
    "sortOrder" : 4,
    "fixed" : false,
    "contentTypeId" : "2a3e91e4-fbbf-4876-8c5b-2233c1739b05",
    "dbColumn" : "text_area1",
    "iDate" : 1266962784000,
    "dataType" : "LONG_TEXT"
  } ],
  "fieldVariables" : [ ]
}, {
  "contentType" : {
    "clazz" : "com.dotcms.contenttype.model.type.ImmutableSimpleContentType",
    "name" : "Dot Favorite Page",
    "id" : "ce930143870e11569f93f8a9fff5da19",
    "defaultType" : false,
    "fixed" : false,
    "iDate" : 1673451732000,
    "system" : true,
    "versionable" : true,
    "multilingualable" : false,
    "variable" : "dotFavoritePage",
    "modDate" : 1721834381000,
    "host" : "SYSTEM_HOST",
    "siteName" : "systemHost",
    "icon" : "event_note",
    "sortOrder" : 0,
    "metadata" : { },
    "folder" : "SYSTEM_FOLDER",
    "folderPath" : "/"
  },
  "fields" : [ {
    "clazz" : "com.dotcms.contenttype.model.field.ImmutableBinaryField",
    "searchable" : false,
    "unique" : false,
    "indexed" : false,
    "listed" : false,
    "readOnly" : false,
    "forceIncludeInApi" : false,
    "id" : "fd98a0871c994d0ff1a8407a391487da",
    "modDate" : 1721834381000,
    "name" : "Screenshot",
    "required" : false,
    "variable" : "screenshot",
    "sortOrder" : 0,
    "fixed" : false,
    "contentTypeId" : "ce930143870e11569f93f8a9fff5da19",
    "dbColumn" : "system_field",
    "iDate" : 1683665548000,
    "dataType" : "SYSTEM"
  }, {
    "clazz" : "com.dotcms.contenttype.model.field.ImmutableTextField",
    "searchable" : false,
    "unique" : false,
    "indexed" : false,
    "listed" : false,
    "readOnly" : false,
    "forceIncludeInApi" : false,
    "id" : "d0c2a52795fd310b21b4778d3e9b17e5",
    "modDate" : 1721834381000,
    "name" : "title",
    "required" : false,
    "variable" : "title",
    "sortOrder" : 1,
    "fixed" : false,
    "contentTypeId" : "ce930143870e11569f93f8a9fff5da19",
    "dbColumn" : "text1",
    "iDate" : 1683665548000,
    "dataType" : "TEXT"
  }, {
    "clazz" : "com.dotcms.contenttype.model.field.ImmutableTextField",
    "searchable" : false,
    "unique" : false,
    "indexed" : true,
    "listed" : false,
    "readOnly" : false,
    "forceIncludeInApi" : false,
    "id" : "17c8f531d34e93b0b84f094f5c6643b6",
    "modDate" : 1721834381000,
    "name" : "url",
    "required" : true,
    "variable" : "url",
    "sortOrder" : 2,
    "fixed" : false,
    "contentTypeId" : "ce930143870e11569f93f8a9fff5da19",
    "dbColumn" : "text2",
    "iDate" : 1683665548000,
    "dataType" : "TEXT"
  }, {
    "clazz" : "com.dotcms.contenttype.model.field.ImmutableTextField",
    "searchable" : false,
    "unique" : false,
    "indexed" : true,
    "listed" : false,
    "readOnly" : false,
    "forceIncludeInApi" : false,
    "id" : "0a9d0982c02b4ad1b18c0e2536cb037e",
    "modDate" : 1721834381000,
    "name" : "order",
    "required" : false,
    "variable" : "order",
    "sortOrder" : 3,
    "fixed" : false,
    "contentTypeId" : "ce930143870e11569f93f8a9fff5da19",
    "dbColumn" : "integer1",
    "iDate" : 1683665548000,
    "dataType" : "INTEGER"
  } ],
  "fieldVariables" : [ ]
}, {
  "contentType" : {
    "clazz" : "com.dotcms.contenttype.model.type.ImmutableWidgetContentType",
    "name" : "VTL Include",
    "id" : "060350e4e9b7890548a03afa74f11e92",
    "description" : "Renders content through VTL scripts.",
    "defaultType" : false,
    "fixed" : false,
    "iDate" : 1720428296000,
    "system" : false,
    "versionable" : true,
    "variable" : "VtlInclude",
    "modDate" : 1721834381000,
    "host" : "8a7d5e23-da1e-420a-b4f0-471e7da8ea2d",
    "siteName" : "default",
    "icon" : "settings",
    "sortOrder" : 0,
    "metadata" : {
      "CONTENT_EDITOR2_ENABLED" : false
    },
    "folder" : "SYSTEM_FOLDER",
    "folderPath" : "/",
    "multilingualable" : false
  },
  "fields" : [ {
    "clazz" : "com.dotcms.contenttype.model.field.ImmutableRowField",
    "fieldContentTypeProperties" : [ ],
    "searchable" : false,
    "unique" : false,
    "indexed" : false,
    "listed" : false,
    "readOnly" : false,
    "forceIncludeInApi" : false,
    "id" : "2b5cafb79e965c37a283ce94c2af2f24",
    "modDate" : 1721834381000,
    "name" : "Row Field",
    "required" : false,
    "variable" : "rowField",
    "sortOrder" : 0,
    "fixed" : false,
    "contentTypeId" : "060350e4e9b7890548a03afa74f11e92",
    "dbColumn" : "system_field",
    "iDate" : 1720428487000,
    "dataType" : "SYSTEM"
  }, {
    "clazz" : "com.dotcms.contenttype.model.field.ImmutableColumnField",
    "fieldContentTypeProperties" : [ ],
    "searchable" : false,
    "unique" : false,
    "indexed" : false,
    "listed" : false,
    "readOnly" : false,
    "forceIncludeInApi" : false,
    "id" : "426031a08fcce09698d8ebd142cd37c6",
    "modDate" : 1721834381000,
    "name" : "fields-1",
    "required" : false,
    "variable" : "fields1",
    "sortOrder" : 1,
    "fixed" : false,
    "contentTypeId" : "060350e4e9b7890548a03afa74f11e92",
    "dbColumn" : "system_field",
    "iDate" : 1720428487000,
    "dataType" : "SYSTEM"
  }, {
    "clazz" : "com.dotcms.contenttype.model.field.ImmutableTextField",
    "searchable" : true,
    "unique" : false,
    "indexed" : true,
    "listed" : true,
    "readOnly" : false,
    "forceIncludeInApi" : false,
    "id" : "e5d340a9453adae502db3db509cb9f52",
    "modDate" : 1721834381000,
    "name" : "Widget Title",
    "required" : true,
    "variable" : "widgetTitle",
    "sortOrder" : 2,
    "fixed" : true,
    "contentTypeId" : "060350e4e9b7890548a03afa74f11e92",
    "dbColumn" : "text1",
    "iDate" : 1720428296000,
    "dataType" : "TEXT"
  }, {
    "clazz" : "com.dotcms.contenttype.model.field.ImmutableTextField",
    "searchable" : true,
    "unique" : false,
    "indexed" : true,
    "listed" : false,
    "readOnly" : false,
    "forceIncludeInApi" : false,
    "id" : "3c8ae6eb8201f4ceeb1f8e4edcc2131c",
    "modDate" : 1721834381000,
    "name" : "Widget Usage",
    "required" : false,
    "variable" : "widgetUsage",
    "sortOrder" : 3,
    "fixed" : false,
    "contentTypeId" : "060350e4e9b7890548a03afa74f11e92",
    "dbColumn" : "text2",
    "iDate" : 1720428296000,
    "dataType" : "TEXT"
  }, {
    "clazz" : "com.dotcms.contenttype.model.field.ImmutableConstantField",
    "searchable" : true,
    "unique" : false,
    "indexed" : true,
    "listed" : false,
    "readOnly" : true,
    "forceIncludeInApi" : false,
    "id" : "7e08e72316ee0cde828952b07daae08a",
    "modDate" : 1721834381000,
    "name" : "Widget Code",
    "required" : false,
    "variable" : "widgetCode",
    "sortOrder" : 4,
    "values" : "#set($filePath=$filetool.getFile(\"$!{vtlFile}\",true))\r\n\r\n#dotParse(\"//default$filePath.getURI()\")",
    "fixed" : true,
    "contentTypeId" : "060350e4e9b7890548a03afa74f11e92",
    "dbColumn" : "system_field",
    "iDate" : 1720428296000,
    "dataType" : "SYSTEM"
  }, {
    "clazz" : "com.dotcms.contenttype.model.field.ImmutableConstantField",
    "searchable" : true,
    "unique" : false,
    "indexed" : true,
    "listed" : false,
    "readOnly" : false,
    "forceIncludeInApi" : false,
    "id" : "e8fc73856ce361195edc79018efc48d1",
    "modDate" : 1721834381000,
    "name" : "Widget Pre-Execute",
    "required" : false,
    "variable" : "widgetPreexecute",
    "sortOrder" : 5,
    "fixed" : false,
    "contentTypeId" : "060350e4e9b7890548a03afa74f11e92",
    "dbColumn" : "system_field",
    "iDate" : 1720428296000,
    "dataType" : "SYSTEM"
  }, {
    "clazz" : "com.dotcms.contenttype.model.field.ImmutableFileField",
    "searchable" : false,
    "unique" : false,
    "indexed" : false,
    "listed" : false,
    "readOnly" : false,
    "forceIncludeInApi" : false,
    "id" : "8bfd30923491b9ceda4acecc4278c3b7",
    "modDate" : 1721834381000,
    "name" : "VTL File",
    "required" : false,
    "variable" : "vtlFile",
    "sortOrder" : 6,
    "fixed" : false,
    "contentTypeId" : "060350e4e9b7890548a03afa74f11e92",
    "dbColumn" : "text3",
    "iDate" : 1720428529000,
    "dataType" : "TEXT"
  } ],
  "fieldVariables" : [ ]
}, {
  "contentType" : {
    "clazz" : "com.dotcms.contenttype.model.type.ImmutableSimpleContentType",
    "name" : "Blog Author",
    "id" : "b930f036cd113d7be0e757da5c98dbe0",
    "description" : "Content Type definition for blog authors.",
    "defaultType" : false,
    "fixed" : false,
    "iDate" : 1720428879000,
    "system" : false,
    "versionable" : true,
    "multilingualable" : false,
    "variable" : "BlogAuthor",
    "modDate" : 1721834382000,
    "host" : "8a7d5e23-da1e-420a-b4f0-471e7da8ea2d",
    "siteName" : "default",
    "icon" : "emoji_people",
    "sortOrder" : 0,
    "metadata" : {
      "CONTENT_EDITOR2_ENABLED" : false
    },
    "folder" : "SYSTEM_FOLDER",
    "folderPath" : "/"
  },
  "fields" : [ {
    "clazz" : "com.dotcms.contenttype.model.field.ImmutableRowField",
    "fieldContentTypeProperties" : [ ],
    "searchable" : false,
    "unique" : false,
    "indexed" : false,
    "listed" : false,
    "readOnly" : false,
    "forceIncludeInApi" : false,
    "id" : "77d4cae3a1c3d4a220ab6fc06fcfb5a8",
    "modDate" : 1721834382000,
    "name" : "fields-0",
    "required" : false,
    "variable" : "fields0",
    "sortOrder" : 0,
    "fixed" : false,
    "contentTypeId" : "b930f036cd113d7be0e757da5c98dbe0",
    "dbColumn" : "system_field",
    "iDate" : 1720428879000,
    "dataType" : "SYSTEM"
  }, {
    "clazz" : "com.dotcms.contenttype.model.field.ImmutableColumnField",
    "fieldContentTypeProperties" : [ ],
    "searchable" : false,
    "unique" : false,
    "indexed" : false,
    "listed" : false,
    "readOnly" : false,
    "forceIncludeInApi" : false,
    "id" : "a96499f87d594f8ec3d92f61c95de03a",
    "modDate" : 1721834382000,
    "name" : "fields-1",
    "required" : false,
    "variable" : "fields1",
    "sortOrder" : 1,
    "fixed" : false,
    "contentTypeId" : "b930f036cd113d7be0e757da5c98dbe0",
    "dbColumn" : "system_field",
    "iDate" : 1720428879000,
    "dataType" : "SYSTEM"
  }, {
    "clazz" : "com.dotcms.contenttype.model.field.ImmutableTextField",
    "searchable" : false,
    "unique" : false,
    "indexed" : true,
    "listed" : true,
    "readOnly" : false,
    "forceIncludeInApi" : false,
    "id" : "8b945945785d7f3d13e564c2925399b4",
    "modDate" : 1721834382000,
    "name" : "Title",
    "required" : false,
    "variable" : "title",
    "sortOrder" : 2,
    "fixed" : false,
    "contentTypeId" : "b930f036cd113d7be0e757da5c98dbe0",
    "dbColumn" : "text1",
    "iDate" : 1720428930000,
    "dataType" : "TEXT"
  }, {
    "clazz" : "com.dotcms.contenttype.model.field.ImmutableTextField",
    "searchable" : false,
    "unique" : false,
    "indexed" : false,
    "listed" : false,
    "readOnly" : false,
    "forceIncludeInApi" : false,
    "id" : "d2c9256573006e677f9cb444fa0220a2",
    "modDate" : 1721834382000,
    "name" : "Name",
    "required" : true,
    "variable" : "name",
    "sortOrder" : 3,
    "hint" : "Full name of the author",
    "fixed" : false,
    "contentTypeId" : "b930f036cd113d7be0e757da5c98dbe0",
    "dbColumn" : "text2",
    "iDate" : 1720428952000,
    "dataType" : "TEXT"
  }, {
    "clazz" : "com.dotcms.contenttype.model.field.ImmutableTextField",
    "searchable" : false,
    "unique" : false,
    "indexed" : false,
    "listed" : false,
    "readOnly" : false,
    "forceIncludeInApi" : false,
    "id" : "9d0f07ab670461b0989261ebde79a6f0",
    "modDate" : 1721834382000,
    "name" : "Role",
    "required" : true,
    "variable" : "role",
    "sortOrder" : 4,
    "hint" : "Role of the author",
    "fixed" : false,
    "contentTypeId" : "b930f036cd113d7be0e757da5c98dbe0",
    "dbColumn" : "text3",
    "iDate" : 1720429011000,
    "dataType" : "TEXT"
  } ],
  "fieldVariables" : [ ]
}, {
  "contentType" : {
    "clazz" : "com.dotcms.contenttype.model.type.ImmutableSimpleContentType",
    "name" : "Blog Article",
    "id" : "c0cb155ba3817ab5cc3d102f2a212719",
    "description" : "Content Type definition for blog articles.",
    "defaultType" : false,
    "detailPage" : "06623dba9f36bc82780c3c0916344b57",
    "fixed" : false,
    "iDate" : 1720429094000,
    "system" : false,
    "versionable" : true,
    "multilingualable" : false,
    "variable" : "BlogArticle",
    "urlMapPattern" : "/blog/{urlFilename}",
    "modDate" : 1721834382000,
    "host" : "8a7d5e23-da1e-420a-b4f0-471e7da8ea2d",
    "siteName" : "default",
    "icon" : "article",
    "sortOrder" : 0,
    "metadata" : {
      "CONTENT_EDITOR2_ENABLED" : false
    },
    "folder" : "SYSTEM_FOLDER",
    "folderPath" : "/"
  },
  "fields" : [ {
    "clazz" : "com.dotcms.contenttype.model.field.ImmutableRowField",
    "fieldContentTypeProperties" : [ ],
    "searchable" : false,
    "unique" : false,
    "indexed" : false,
    "listed" : false,
    "readOnly" : false,
    "forceIncludeInApi" : false,
    "id" : "3feae359805748f5180cd5561e15571d",
    "modDate" : 1721834382000,
    "name" : "fields-0",
    "required" : false,
    "variable" : "fields0",
    "sortOrder" : 0,
    "fixed" : false,
    "contentTypeId" : "c0cb155ba3817ab5cc3d102f2a212719",
    "dbColumn" : "system_field",
    "iDate" : 1720430461000,
    "dataType" : "SYSTEM"
  }, {
    "clazz" : "com.dotcms.contenttype.model.field.ImmutableColumnField",
    "fieldContentTypeProperties" : [ ],
    "searchable" : false,
    "unique" : false,
    "indexed" : false,
    "listed" : false,
    "readOnly" : false,
    "forceIncludeInApi" : false,
    "id" : "32c6e2e6c195138f7eb858a27a45b24f",
    "modDate" : 1721834382000,
    "name" : "fields-1",
    "required" : false,
    "variable" : "fields1",
    "sortOrder" : 1,
    "fixed" : false,
    "contentTypeId" : "c0cb155ba3817ab5cc3d102f2a212719",
    "dbColumn" : "system_field",
    "iDate" : 1720430461000,
    "dataType" : "SYSTEM"
  }, {
    "clazz" : "com.dotcms.contenttype.model.field.ImmutableTextField",
    "searchable" : false,
    "unique" : false,
    "indexed" : false,
    "listed" : false,
    "readOnly" : false,
    "forceIncludeInApi" : false,
    "id" : "21239a6b3ec7b39db7e0c4a8305d892b",
    "modDate" : 1721834382000,
    "name" : "Title",
    "required" : true,
    "variable" : "title",
    "sortOrder" : 2,
    "hint" : "Title of the blog article.",
    "fixed" : false,
    "contentTypeId" : "c0cb155ba3817ab5cc3d102f2a212719",
    "dbColumn" : "text1",
    "iDate" : 1720430525000,
    "dataType" : "TEXT"
  }, {
    "clazz" : "com.dotcms.contenttype.model.field.ImmutableCustomField",
    "searchable" : false,
    "unique" : true,
    "indexed" : true,
    "listed" : false,
    "readOnly" : false,
    "forceIncludeInApi" : false,
    "id" : "e63d49e840b2a2677dcc1d28833d1404",
    "modDate" : 1721834382000,
    "name" : "URL Filename",
    "required" : true,
    "variable" : "urlFilename",
    "sortOrder" : 3,
    "values" : "#dotParse('/application/vtl/custom-fields/url-filename.vtl')",
    "fixed" : false,
    "contentTypeId" : "c0cb155ba3817ab5cc3d102f2a212719",
    "dbColumn" : "text_area1",
    "iDate" : 1720430561000,
    "dataType" : "LONG_TEXT"
  }, {
    "clazz" : "com.dotcms.contenttype.model.field.ImmutableDateField",
    "searchable" : false,
    "unique" : false,
    "indexed" : false,
    "listed" : false,
    "readOnly" : false,
    "forceIncludeInApi" : false,
    "id" : "5120b033425aeeba937a244ed6c4c5c2",
    "modDate" : 1721834382000,
    "name" : "Published At",
    "required" : true,
    "variable" : "publishedAt",
    "sortOrder" : 4,
    "hint" : "Publication date of the blog article.",
    "fixed" : false,
    "contentTypeId" : "c0cb155ba3817ab5cc3d102f2a212719",
    "dbColumn" : "date1",
    "iDate" : 1720430588000,
    "dataType" : "DATE"
  }, {
    "clazz" : "com.dotcms.contenttype.model.field.ImmutableRelationshipField",
    "searchable" : false,
    "unique" : false,
    "listed" : false,
    "readOnly" : false,
    "forceIncludeInApi" : false,
    "id" : "6a3a597d61c6220025722b05e0c47d7c",
    "modDate" : 1721834382000,
    "name" : "Author",
    "relationType" : "BlogAuthor",
    "required" : true,
    "variable" : "author",
    "sortOrder" : 5,
    "values" : "3",
    "fixed" : false,
    "contentTypeId" : "c0cb155ba3817ab5cc3d102f2a212719",
    "dbColumn" : "system_field",
    "iDate" : 1720430634000,
    "indexed" : true,
    "dataType" : "SYSTEM",
    "skipRelationshipCreation" : false
  }, {
    "clazz" : "com.dotcms.contenttype.model.field.ImmutableImageField",
    "searchable" : false,
    "unique" : false,
    "indexed" : false,
    "listed" : false,
    "readOnly" : false,
    "forceIncludeInApi" : false,
    "id" : "cd9e34a8add3b4ad72bfda4ffd088cce",
    "modDate" : 1721834382000,
    "name" : "Image",
    "required" : true,
    "variable" : "image",
    "sortOrder" : 6,
    "hint" : "Hero image for the blog article.",
    "fixed" : false,
    "contentTypeId" : "c0cb155ba3817ab5cc3d102f2a212719",
    "dbColumn" : "text2",
    "iDate" : 1720430662000,
    "dataType" : "TEXT"
  }, {
    "clazz" : "com.dotcms.contenttype.model.field.ImmutableStoryBlockField",
    "searchable" : false,
    "unique" : false,
    "indexed" : false,
    "listed" : false,
    "readOnly" : false,
    "forceIncludeInApi" : false,
    "id" : "789dbe941cc21bd1c7809b423044567b",
    "modDate" : 1721834382000,
    "name" : "Article",
    "required" : false,
    "variable" : "article",
    "sortOrder" : 7,
    "hint" : "The actual blog article content.",
    "fixed" : false,
    "contentTypeId" : "c0cb155ba3817ab5cc3d102f2a212719",
    "dbColumn" : "text_area2",
    "iDate" : 1720430688000,
    "dataType" : "LONG_TEXT"
  } ],
  "fieldVariables" : [ ]
}, {
  "contentType" : {
    "clazz" : "com.dotcms.contenttype.model.type.ImmutableSimpleContentType",
    "name" : "Product",
    "id" : "dcb0f3013d62fc8c4b0ccaa54123c253",
    "description" : "Content type definition for products.",
    "defaultType" : false,
    "detailPage" : "79ece73b3ab0fda5422e2edeb8e2d9e8",
    "fixed" : false,
    "iDate" : 1720430741000,
    "system" : false,
    "versionable" : true,
    "multilingualable" : false,
    "variable" : "Product",
    "urlMapPattern" : "/products/{urlFilename}",
    "modDate" : 1721834382000,
    "host" : "8a7d5e23-da1e-420a-b4f0-471e7da8ea2d",
    "siteName" : "default",
    "icon" : "shopping_cart",
    "sortOrder" : 0,
    "metadata" : {
      "CONTENT_EDITOR2_ENABLED" : false
    },
    "folder" : "SYSTEM_FOLDER",
    "folderPath" : "/"
  },
  "fields" : [ {
    "clazz" : "com.dotcms.contenttype.model.field.ImmutableRowField",
    "fieldContentTypeProperties" : [ ],
    "searchable" : false,
    "unique" : false,
    "indexed" : false,
    "listed" : false,
    "readOnly" : false,
    "forceIncludeInApi" : false,
    "id" : "1bf0d45edac55437e6859eda173ef01d",
    "modDate" : 1721834382000,
    "name" : "fields-0",
    "required" : false,
    "variable" : "fields0",
    "sortOrder" : 0,
    "fixed" : false,
    "contentTypeId" : "dcb0f3013d62fc8c4b0ccaa54123c253",
    "dbColumn" : "system_field",
    "iDate" : 1720430741000,
    "dataType" : "SYSTEM"
  }, {
    "clazz" : "com.dotcms.contenttype.model.field.ImmutableColumnField",
    "fieldContentTypeProperties" : [ ],
    "searchable" : false,
    "unique" : false,
    "indexed" : false,
    "listed" : false,
    "readOnly" : false,
    "forceIncludeInApi" : false,
    "id" : "85cecc7b1b5860b19aab91a611c5f96a",
    "modDate" : 1721834382000,
    "name" : "fields-1",
    "required" : false,
    "variable" : "fields1",
    "sortOrder" : 1,
    "fixed" : false,
    "contentTypeId" : "dcb0f3013d62fc8c4b0ccaa54123c253",
    "dbColumn" : "system_field",
    "iDate" : 1720430741000,
    "dataType" : "SYSTEM"
  }, {
    "clazz" : "com.dotcms.contenttype.model.field.ImmutableTextField",
    "searchable" : false,
    "unique" : false,
    "indexed" : false,
    "listed" : false,
    "readOnly" : false,
    "forceIncludeInApi" : false,
    "id" : "1aae243c213977a073b6454003777dbb",
    "modDate" : 1721834382000,
    "name" : "Title",
    "required" : true,
    "variable" : "title",
    "sortOrder" : 2,
    "hint" : "Title of the product.",
    "fixed" : false,
    "contentTypeId" : "dcb0f3013d62fc8c4b0ccaa54123c253",
    "dbColumn" : "text1",
    "iDate" : 1720430780000,
    "dataType" : "TEXT"
  }, {
    "clazz" : "com.dotcms.contenttype.model.field.ImmutableCustomField",
    "searchable" : false,
    "unique" : true,
    "indexed" : true,
    "listed" : false,
    "readOnly" : false,
    "forceIncludeInApi" : false,
    "id" : "160612c9585ab8a0d2ab156cc5144e8f",
    "modDate" : 1721834382000,
    "name" : "URL Filename",
    "required" : true,
    "variable" : "urlFilename",
    "sortOrder" : 3,
    "values" : "#dotParse('/application/vtl/custom-fields/url-filename.vtl')",
    "fixed" : false,
    "contentTypeId" : "dcb0f3013d62fc8c4b0ccaa54123c253",
    "dbColumn" : "text_area1",
    "iDate" : 1720430812000,
    "dataType" : "LONG_TEXT"
  }, {
    "clazz" : "com.dotcms.contenttype.model.field.ImmutableImageField",
    "searchable" : false,
    "unique" : false,
    "indexed" : false,
    "listed" : false,
    "readOnly" : false,
    "forceIncludeInApi" : false,
    "id" : "d7fb2f93b9adfd0e08081ae53503ab95",
    "modDate" : 1721834382000,
    "name" : "Image",
    "required" : true,
    "variable" : "image",
    "sortOrder" : 4,
    "hint" : "Product image",
    "fixed" : false,
    "contentTypeId" : "dcb0f3013d62fc8c4b0ccaa54123c253",
    "dbColumn" : "text2",
    "iDate" : 1720430843000,
    "dataType" : "TEXT"
  }, {
    "clazz" : "com.dotcms.contenttype.model.field.ImmutableSelectField",
    "searchable" : false,
    "unique" : false,
    "indexed" : false,
    "listed" : false,
    "readOnly" : false,
    "forceIncludeInApi" : false,
    "id" : "3a56105f174d33bc9802a6cbe6dcaa4b",
    "modDate" : 1721834382000,
    "name" : "Currency",
    "required" : true,
    "variable" : "currency",
    "sortOrder" : 5,
    "values" : "EUR\r\nUSD",
    "fixed" : false,
    "contentTypeId" : "dcb0f3013d62fc8c4b0ccaa54123c253",
    "dbColumn" : "text3",
    "iDate" : 1720430876000,
    "dataType" : "TEXT"
  }, {
    "clazz" : "com.dotcms.contenttype.model.field.ImmutableTextField",
    "searchable" : false,
    "unique" : false,
    "indexed" : true,
    "listed" : false,
    "readOnly" : false,
    "forceIncludeInApi" : false,
    "id" : "a90625919e389bd4a4fd018c4bca10cc",
    "modDate" : 1721834382000,
    "name" : "Price",
    "required" : true,
    "variable" : "price",
    "sortOrder" : 6,
    "hint" : "Price of the product.",
    "fixed" : false,
    "contentTypeId" : "dcb0f3013d62fc8c4b0ccaa54123c253",
    "dbColumn" : "integer1",
    "iDate" : 1720430913000,
    "dataType" : "INTEGER"
  }, {
    "clazz" : "com.dotcms.contenttype.model.field.ImmutableStoryBlockField",
    "searchable" : false,
    "unique" : false,
    "indexed" : false,
    "listed" : false,
    "readOnly" : false,
    "forceIncludeInApi" : false,
    "id" : "05080f4a03a547b858f14de944ee626c",
    "modDate" : 1721834382000,
    "name" : "Description",
    "required" : true,
    "variable" : "description",
    "sortOrder" : 7,
    "hint" : "Description for the product.",
    "fixed" : false,
    "contentTypeId" : "dcb0f3013d62fc8c4b0ccaa54123c253",
    "dbColumn" : "text_area2",
    "iDate" : 1720430938000,
    "dataType" : "LONG_TEXT"
  } ],
  "fieldVariables" : [ ]
}, {
  "contentType" : {
    "clazz" : "com.dotcms.contenttype.model.type.ImmutablePersonaContentType",
    "name" : "Persona",
    "id" : "c938b15f-bcb6-49ef-8651-14d455a97045",
    "description" : "Default Structure for Personas",
    "defaultType" : false,
    "fixed" : false,
    "iDate" : 1450285003000,
    "system" : false,
    "versionable" : true,
    "multilingualable" : false,
    "variable" : "persona",
    "modDate" : 1706798852000,
    "host" : "SYSTEM_HOST",
    "siteName" : "systemHost",
    "icon" : "person",
    "sortOrder" : 0,
    "folder" : "SYSTEM_FOLDER",
    "folderPath" : "/"
  },
  "fields" : [ {
    "clazz" : "com.dotcms.contenttype.model.field.ImmutableHostFolderField",
    "searchable" : true,
    "unique" : false,
    "listed" : false,
    "readOnly" : false,
    "forceIncludeInApi" : false,
    "id" : "606ac3af-63e5-4bd4-bfa1-c4c672bb8eb8",
    "modDate" : 1706798852000,
    "name" : "Site/Folder",
    "required" : true,
    "variable" : "hostFolder",
    "sortOrder" : 1,
    "fixed" : true,
    "contentTypeId" : "c938b15f-bcb6-49ef-8651-14d455a97045",
    "dbColumn" : "system_field",
    "iDate" : 1450285003000,
    "indexed" : true,
    "dataType" : "SYSTEM"
  }, {
    "clazz" : "com.dotcms.contenttype.model.field.ImmutableTextField",
    "searchable" : true,
    "unique" : false,
    "indexed" : true,
    "listed" : true,
    "readOnly" : false,
    "forceIncludeInApi" : false,
    "id" : "0ea2bd92-4b2d-48a2-a394-77fd560b1fce",
    "modDate" : 1706798852000,
    "name" : "Name",
    "required" : true,
    "variable" : "name",
    "sortOrder" : 2,
    "fixed" : true,
    "contentTypeId" : "c938b15f-bcb6-49ef-8651-14d455a97045",
    "dbColumn" : "text1",
    "iDate" : 1450285003000,
    "dataType" : "TEXT"
  }, {
    "clazz" : "com.dotcms.contenttype.model.field.ImmutableCustomField",
    "searchable" : true,
    "unique" : false,
    "indexed" : true,
    "listed" : true,
    "readOnly" : false,
    "forceIncludeInApi" : false,
    "id" : "6b25d960-034d-4030-b785-89cc01baaa3d",
    "modDate" : 1706798852000,
    "name" : "Key Tag",
    "required" : true,
    "variable" : "keyTag",
    "sortOrder" : 3,
    "values" : "$velutil.mergeTemplate('/static/personas/keytag_custom_field.vtl')",
    "regexCheck" : "[a-zA-Z0-9]+",
    "fixed" : true,
    "contentTypeId" : "c938b15f-bcb6-49ef-8651-14d455a97045",
    "dbColumn" : "text2",
    "iDate" : 1450285003000,
    "dataType" : "TEXT"
  }, {
    "clazz" : "com.dotcms.contenttype.model.field.ImmutableBinaryField",
    "searchable" : false,
    "unique" : false,
    "indexed" : false,
    "listed" : false,
    "readOnly" : false,
    "forceIncludeInApi" : false,
    "id" : "07cfbc2c-47de-4c78-a411-176fe8bb24a5",
    "modDate" : 1706798852000,
    "name" : "Photo",
    "required" : false,
    "variable" : "photo",
    "sortOrder" : 4,
    "fixed" : true,
    "contentTypeId" : "c938b15f-bcb6-49ef-8651-14d455a97045",
    "dbColumn" : "system_field",
    "iDate" : 1450285003000,
    "dataType" : "SYSTEM"
  }, {
    "clazz" : "com.dotcms.contenttype.model.field.ImmutableTagField",
    "searchable" : true,
    "unique" : false,
    "listed" : false,
    "readOnly" : false,
    "forceIncludeInApi" : false,
    "id" : "2dab7223-ebb5-411b-922f-611a30bc2a2b",
    "modDate" : 1706798852000,
    "name" : "Other Tags",
    "required" : false,
    "variable" : "tags",
    "sortOrder" : 5,
    "fixed" : true,
    "contentTypeId" : "c938b15f-bcb6-49ef-8651-14d455a97045",
    "dbColumn" : "system_field",
    "iDate" : 1450285003000,
    "indexed" : true,
    "dataType" : "SYSTEM"
  }, {
    "clazz" : "com.dotcms.contenttype.model.field.ImmutableTextAreaField",
    "searchable" : true,
    "unique" : false,
    "indexed" : true,
    "listed" : false,
    "readOnly" : false,
    "forceIncludeInApi" : false,
    "id" : "65e4e742-d87a-47ff-84ef-fde44e889e27",
    "modDate" : 1706798852000,
    "name" : "Description",
    "required" : false,
    "variable" : "description",
    "sortOrder" : 6,
    "fixed" : false,
    "contentTypeId" : "c938b15f-bcb6-49ef-8651-14d455a97045",
    "dbColumn" : "text_area2",
    "iDate" : 1450285003000,
    "dataType" : "LONG_TEXT"
  } ],
  "fieldVariables" : [ ]
} ]