[{"active_":"t","companyid":"dotcms.org","defaultpreferences":"<?xml version=\"1.0\" encoding=\"UTF-8\"?>\r\n<portlet><portlet-name>c_Files</portlet-name><portlet-class>com.liferay.portlet.StrutsPortlet</portlet-class><resource-bundle>com.liferay.portlet.StrutsResourceBundle</resource-bundle><init-param><name>name</name><value>Files</value></init-param><init-param><name>baseTypes</name><value>FILEASSET,DOTASSET</value></init-param><init-param><name>view-action</name><value>/ext/contentlet/view_contentlets</value></init-param><init-param><name>portletSource</name><value>db</value></init-param><init-param><name>contentTypes</name><value></value></init-param></portlet>\r\n","groupid":"SHARED_KEY","narrow":"f","oddoreven":"0","portletid":"c_Files","roles":"","rownumber":"0"},{"active_":"t","companyid":"dotcms.org","defaultpreferences":"<?xml version=\"1.0\" encoding=\"UTF-8\"?>\r\n<portlet><portlet-name>c_Images</portlet-name><portlet-class>com.liferay.portlet.StrutsPortlet</portlet-class><resource-bundle>com.liferay.portlet.StrutsResourceBundle</resource-bundle><init-param><name>name</name><value>Images</value></init-param><init-param><name>baseTypes</name><value></value></init-param><init-param><name>dataViewMode</name><value>list</value></init-param><init-param><name>view-action</name><value>/ext/contentlet/view_contentlets</value></init-param><init-param><name>portletSource</name><value>db</value></init-param><init-param><name>contentTypes</name><value>Image</value></init-param></portlet>\r\n","groupid":"SHARED_KEY","narrow":"f","oddoreven":"1","portletid":"c_Images","roles":"","rownumber":"1"},{"active_":"t","companyid":"dotcms.org","defaultpreferences":"<?xml version=\"1.0\" encoding=\"UTF-8\"?>\r\n<portlet><portlet-name>c_Videos</portlet-name><portlet-class>com.liferay.portlet.StrutsPortlet</portlet-class><resource-bundle>com.liferay.portlet.StrutsResourceBundle</resource-bundle><init-param><name>name</name><value>Videos</value></init-param><init-param><name>baseTypes</name><value></value></init-param><init-param><name>dataViewMode</name><value>list</value></init-param><init-param><name>view-action</name><value>/ext/contentlet/view_contentlets</value></init-param><init-param><name>portletSource</name><value>db</value></init-param><init-param><name>contentTypes</name><value>Video</value></init-param></portlet>\r\n","groupid":"SHARED_KEY","narrow":"f","oddoreven":"0","portletid":"c_Videos","roles":"","rownumber":"2"},{"active_":"t","companyid":"dotcms.org","defaultpreferences":"<?xml version=\"1.0\" encoding=\"UTF-8\"?>\r\n<portlet><portlet-name>c_Product_list</portlet-name><portlet-class>com.liferay.portlet.StrutsPortlet</portlet-class><resource-bundle>com.liferay.portlet.StrutsResourceBundle</resource-bundle><init-param><name>name</name><value>Product</value></init-param><init-param><name>baseTypes</name><value></value></init-param><init-param><name>dataViewMode</name><value>list</value></init-param><init-param><name>view-action</name><value>/ext/contentlet/view_contentlets</value></init-param><init-param><name>portletSource</name><value>db</value></init-param><init-param><name>contentTypes</name><value>Product</value></init-param></portlet>\r\n","groupid":"SHARED_KEY","narrow":"f","oddoreven":"1","portletid":"c_Product_list","roles":"","rownumber":"3"},{"active_":"t","companyid":"dotcms.org","defaultpreferences":"<?xml version=\"1.0\" encoding=\"UTF-8\"?>\r\n<portlet><portlet-name>c_Blog-Article_list</portlet-name><portlet-class>com.liferay.portlet.StrutsPortlet</portlet-class><resource-bundle>com.liferay.portlet.StrutsResourceBundle</resource-bundle><init-param><name>name</name><value>Blog Article</value></init-param><init-param><name>baseTypes</name><value></value></init-param><init-param><name>dataViewMode</name><value>list</value></init-param><init-param><name>view-action</name><value>/ext/contentlet/view_contentlets</value></init-param><init-param><name>portletSource</name><value>db</value></init-param><init-param><name>contentTypes</name><value>BlogArticle</value></init-param></portlet>\r\n","groupid":"SHARED_KEY","narrow":"f","oddoreven":"0","portletid":"c_Blog-Article_list","roles":"","rownumber":"4"},{"active_":"t","companyid":"dotcms.org","defaultpreferences":"<?xml version=\"1.0\" encoding=\"UTF-8\"?>\r\n<portlet><portlet-name>c_Blog-Author_list</portlet-name><portlet-class>com.liferay.portlet.StrutsPortlet</portlet-class><resource-bundle>com.liferay.portlet.StrutsResourceBundle</resource-bundle><init-param><name>name</name><value>Blog Author</value></init-param><init-param><name>baseTypes</name><value></value></init-param><init-param><name>dataViewMode</name><value>list</value></init-param><init-param><name>view-action</name><value>/ext/contentlet/view_contentlets</value></init-param><init-param><name>portletSource</name><value>db</value></init-param><init-param><name>contentTypes</name><value>BlogAuthor</value></init-param></portlet>\r\n","groupid":"SHARED_KEY","narrow":"f","oddoreven":"1","portletid":"c_Blog-Author_list","roles":"","rownumber":"5"},{"active_":"t","companyid":"dotcms.org","defaultpreferences":"<?xml version=\"1.0\" encoding=\"UTF-8\"?>\r\n<portlet><portlet-name>c_VTL-Include_list</portlet-name><portlet-class>com.liferay.portlet.StrutsPortlet</portlet-class><resource-bundle>com.liferay.portlet.StrutsResourceBundle</resource-bundle><init-param><name>name</name><value>VTL Include</value></init-param><init-param><name>baseTypes</name><value></value></init-param><init-param><name>dataViewMode</name><value>list</value></init-param><init-param><name>view-action</name><value>/ext/contentlet/view_contentlets</value></init-param><init-param><name>portletSource</name><value>db</value></init-param><init-param><name>contentTypes</name><value>VtlInclude</value></init-param></portlet>\r\n","groupid":"SHARED_KEY","narrow":"f","oddoreven":"0","portletid":"c_VTL-Include_list","roles":"","rownumber":"6"}]