{"content":"#if($URLMapContent.inode)\n<div class=\"bg-white pt-6\">\n  <!-- Image gallery -->\n  <div class=\"mx-auto mt-6 max-w-2xl px-4 lg:grid lg:max-w-7xl lg:gap-x-8 lg:px-8\">\n    <div class=\"aspect-h-2 aspect-w-3 overflow-hidden rounded-lg\">\n      <img src=\"/dA/${URLMapContent.image.shorty}/assets/${URLMapContent.image.name}\" alt=\"${URLMapContent.title}\" class=\"h-full w-full object-cover object-center\">\n    </div>\n  </div>\n\n  <!-- Product info -->\n  <div class=\"mx-auto max-w-2xl px-4 pb-4 pt-10 sm:px-6 lg:grid lg:max-w-7xl lg:grid-cols-3 lg:gap-x-8 lg:px-8 lg:pb-24 lg:pt-16\">\n    <div class=\"lg:col-span-2 lg:border-r lg:border-gray-200 lg:pr-8\">\n      <h1 class=\"text-2xl font-bold tracking-tight text-gray-900 sm:text-3xl\">${URLMapContent.title}</h1>\n    </div>\n    <div class=\"py-10 lg:col-span-2 lg:col-start-1 lg:border-r lg:border-gray-200 lg:pb-16 lg:pr-8 lg:pt-6\">\n      <div class=\"space-y-6\">\n        <p class=\"antialiased\">$!{URLMapContent.description.toHtml('/application/block-editor/default/')}</p>\n      </div>\n    </div>\n\n    <!-- Options -->\n    <div class=\"mt-4 lg:row-span-3 lg:mt-0\">\n      #if(${URLMapContent.currency.selectValue} == \"EUR\")\n        #set($currencySymbol = \"€\")\n      #elseif(${URLMapContent.currency.selectValue} == \"USD\")\n        #set($currencySymbol = \"$\")\n      #else\n        #set($currencySymbol = \"\" )\n      #end\n      <p class=\"text-3xl tracking-tight text-gray-900\">${currencySymbol}${URLMapContent.price}</p>\n      <!-- Reviews -->\n      <div class=\"mt-6\">\n        <div class=\"flex items-center\">\n          <div class=\"flex items-center\">\n            <!-- Active: \"text-gray-900\", Default: \"text-gray-200\" -->\n            <svg class=\"h-5 w-5 flex-shrink-0 text-gray-900\" viewBox=\"0 0 20 20\" fill=\"currentColor\" aria-hidden=\"true\">\n              <path fill-rule=\"evenodd\" d=\"M10.868 2.884c-.321-.772-1.415-.772-1.736 0l-1.83 4.401-4.753.381c-.833.067-1.171 1.107-.536 1.651l3.62 3.102-1.106 4.637c-.194.813.691 1.456 1.405 1.02L10 15.591l4.069 2.485c.713.436 1.598-.207 1.404-1.02l-1.106-4.637 3.62-3.102c.635-.544.297-1.584-.536-1.65l-4.752-.382-1.831-4.401z\" clip-rule=\"evenodd\" />\n            </svg>\n            <svg class=\"h-5 w-5 flex-shrink-0 text-gray-900\" viewBox=\"0 0 20 20\" fill=\"currentColor\" aria-hidden=\"true\">\n              <path fill-rule=\"evenodd\" d=\"M10.868 2.884c-.321-.772-1.415-.772-1.736 0l-1.83 4.401-4.753.381c-.833.067-1.171 1.107-.536 1.651l3.62 3.102-1.106 4.637c-.194.813.691 1.456 1.405 1.02L10 15.591l4.069 2.485c.713.436 1.598-.207 1.404-1.02l-1.106-4.637 3.62-3.102c.635-.544.297-1.584-.536-1.65l-4.752-.382-1.831-4.401z\" clip-rule=\"evenodd\" />\n            </svg>\n            <svg class=\"h-5 w-5 flex-shrink-0 text-gray-900\" viewBox=\"0 0 20 20\" fill=\"currentColor\" aria-hidden=\"true\">\n              <path fill-rule=\"evenodd\" d=\"M10.868 2.884c-.321-.772-1.415-.772-1.736 0l-1.83 4.401-4.753.381c-.833.067-1.171 1.107-.536 1.651l3.62 3.102-1.106 4.637c-.194.813.691 1.456 1.405 1.02L10 15.591l4.069 2.485c.713.436 1.598-.207 1.404-1.02l-1.106-4.637 3.62-3.102c.635-.544.297-1.584-.536-1.65l-4.752-.382-1.831-4.401z\" clip-rule=\"evenodd\" />\n            </svg>\n            <svg class=\"h-5 w-5 flex-shrink-0 text-gray-900\" viewBox=\"0 0 20 20\" fill=\"currentColor\" aria-hidden=\"true\">\n              <path fill-rule=\"evenodd\" d=\"M10.868 2.884c-.321-.772-1.415-.772-1.736 0l-1.83 4.401-4.753.381c-.833.067-1.171 1.107-.536 1.651l3.62 3.102-1.106 4.637c-.194.813.691 1.456 1.405 1.02L10 15.591l4.069 2.485c.713.436 1.598-.207 1.404-1.02l-1.106-4.637 3.62-3.102c.635-.544.297-1.584-.536-1.65l-4.752-.382-1.831-4.401z\" clip-rule=\"evenodd\" />\n            </svg>\n            <svg class=\"h-5 w-5 flex-shrink-0 text-gray-200\" viewBox=\"0 0 20 20\" fill=\"currentColor\" aria-hidden=\"true\">\n              <path fill-rule=\"evenodd\" d=\"M10.868 2.884c-.321-.772-1.415-.772-1.736 0l-1.83 4.401-4.753.381c-.833.067-1.171 1.107-.536 1.651l3.62 3.102-1.106 4.637c-.194.813.691 1.456 1.405 1.02L10 15.591l4.069 2.485c.713.436 1.598-.207 1.404-1.02l-1.106-4.637 3.62-3.102c.635-.544.297-1.584-.536-1.65l-4.752-.382-1.831-4.401z\" clip-rule=\"evenodd\" />\n            </svg>\n            <span class=\"ml-3 text-sm font-medium text-indigo-600 hover:text-indigo-500\">117 reviews</span>\n          </div>\n        </div>\n      </div>\n      <section aria-labelledby=\"options-heading\" class=\"mt-10\">\n        <form>\n          <!-- Colors -->\n          <fieldset aria-label=\"Choose a color\">\n            <legend class=\"text-sm font-medium text-gray-900\">Color</legend>\n\n            <div class=\"mt-4 flex items-center space-x-3\">\n              <!--\n              Active and Checked: \"ring ring-offset-1\"\n              Not Active and Checked: \"ring-2\"\n              -->\n              <label aria-label=\"White\" class=\"relative -m-0.5 flex cursor-pointer items-center justify-center rounded-full p-0.5 ring-gray-400 focus:outline-none\">\n                <input type=\"radio\" name=\"color-choice\" value=\"White\" class=\"sr-only\">\n                <span aria-hidden=\"true\" class=\"h-8 w-8 rounded-full border border-black border-opacity-10 bg-white\"></span>\n              </label>\n              <label aria-l","contentType":"text/plain; charset=UTF-8","editableAsText":true,"fileSize":6343,"isImage":false,"length":6343,"modDate":1721054903686,"name":"render-product.vtl","path":"0/2/02cb3aa2-53b8-4dba-a8d1-2d305c3df9fe/fileAsset/render-product.vtl","sha256":"62d0e31f1e6768f4da9d2bfbca835471a9242adec7350026615eb2034402df81","title":"render-product.vtl","version":20220201}