{"content":"/*\n! tailwindcss v3.4.4 | MIT License | https://tailwindcss.com\n*/\n\n/*\n1. Prevent padding and border from affecting element width. (https://github.com/mozdevs/cssremedy/issues/4)\n2. Allow adding a border to an element by just adding a border-width. (https://github.com/tailwindcss/tailwindcss/pull/116)\n*/\n\n*,\n::before,\n::after {\n  box-sizing: border-box;\n  /* 1 */\n  border-width: 0;\n  /* 2 */\n  border-style: solid;\n  /* 2 */\n  border-color: #e5e7eb;\n  /* 2 */\n}\n\n::before,\n::after {\n  --tw-content: '';\n}\n\n/*\n1. Use a consistent sensible line-height in all browsers.\n2. Prevent adjustments of font size after orientation changes in iOS.\n3. Use a more readable tab size.\n4. Use the user's configured `sans` font-family by default.\n5. Use the user's configured `sans` font-feature-settings by default.\n6. Use the user's configured `sans` font-variation-settings by default.\n7. Disable tap highlights on iOS\n*/\n\nhtml,\n:host {\n  line-height: 1.5;\n  /* 1 */\n  -webkit-text-size-adjust: 100%;\n  /* 2 */\n  -moz-tab-size: 4;\n  /* 3 */\n  -o-tab-size: 4;\n     tab-size: 4;\n  /* 3 */\n  font-family: ui-sans-serif, system-ui, sans-serif, \"Apple Color Emoji\", \"Segoe UI Emoji\", \"Segoe UI Symbol\", \"Noto Color Emoji\";\n  /* 4 */\n  font-feature-settings: normal;\n  /* 5 */\n  font-variation-settings: normal;\n  /* 6 */\n  -webkit-tap-highlight-color: transparent;\n  /* 7 */\n}\n\n/*\n1. Remove the margin in all browsers.\n2. Inherit line-height from `html` so users can set them as a class directly on the `html` element.\n*/\n\nbody {\n  margin: 0;\n  /* 1 */\n  line-height: inherit;\n  /* 2 */\n}\n\n/*\n1. Add the correct height in Firefox.\n2. Correct the inheritance of border color in Firefox. (https://bugzilla.mozilla.org/show_bug.cgi?id=190655)\n3. Ensure horizontal rules are visible by default.\n*/\n\nhr {\n  height: 0;\n  /* 1 */\n  color: inherit;\n  /* 2 */\n  border-top-width: 1px;\n  /* 3 */\n}\n\n/*\nAdd the correct text decoration in Chrome, Edge, and Safari.\n*/\n\nabbr:where([title]) {\n  -webkit-text-decoration: underline dotted;\n          text-decoration: underline dotted;\n}\n\n/*\nRemove the default font size and weight for headings.\n*/\n\nh1,\nh2,\nh3,\nh4,\nh5,\nh6 {\n  font-size: inherit;\n  font-weight: inherit;\n}\n\n/*\nReset links to optimize for opt-in styling instead of opt-out.\n*/\n\na {\n  color: inherit;\n  text-decoration: inherit;\n}\n\n/*\nAdd the correct font weight in Edge and Safari.\n*/\n\nb,\nstrong {\n  font-weight: bolder;\n}\n\n/*\n1. Use the user's configured `mono` font-family by default.\n2. Use the user's configured `mono` font-feature-settings by default.\n3. Use the user's configured `mono` font-variation-settings by default.\n4. Correct the odd `em` font sizing in all browsers.\n*/\n\ncode,\nkbd,\nsamp,\npre {\n  font-family: ui-monospace, SFMono-Regular, Menlo, Monaco, Consolas, \"Liberation Mono\", \"Courier New\", monospace;\n  /* 1 */\n  font-feature-settings: normal;\n  /* 2 */\n  font-variation-settings: normal;\n  /* 3 */\n  font-size: 1em;\n  /* 4 */\n}\n\n/*\nAdd the correct font size in all browsers.\n*/\n\nsmall {\n  font-size: 80%;\n}\n\n/*\nPrevent `sub` and `sup` elements from affecting the line height in all browsers.\n*/\n\nsub,\nsup {\n  font-size: 75%;\n  line-height: 0;\n  position: relative;\n  vertical-align: baseline;\n}\n\nsub {\n  bottom: -0.25em;\n}\n\nsup {\n  top: -0.5em;\n}\n\n/*\n1. Remove text indentation from table contents in Chrome and Safari. (https://bugs.chromium.org/p/chromium/issues/detail?id=999088, https://bugs.webkit.org/show_bug.cgi?id=201297)\n2. Correct table border color inheritance in all Chrome and Safari. (https://bugs.chromium.org/p/chromium/issues/detail?id=935729, https://bugs.webkit.org/show_bug.cgi?id=195016)\n3. Remove gaps between table borders by default.\n*/\n\ntable {\n  text-indent: 0;\n  /* 1 */\n  border-color: inherit;\n  /* 2 */\n  border-collapse: collapse;\n  /* 3 */\n}\n\n/*\n1. Change the font styles in all browsers.\n2. Remove the margin in Firefox and Safari.\n3. Remove default padding in all browsers.\n*/\n\nbutton,\ninput,\noptgroup,\nselect,\ntextarea {\n  font-family: inherit;\n  /* 1 */\n  font-feature-settings: inherit;\n  /* 1 */\n  font-variation-settings: inherit;\n  /* 1 */\n  font-size: 100%;\n  /* 1 */\n  font-weight: inherit;\n  /* 1 */\n  line-height: inherit;\n  /* 1 */\n  letter-spacing: inherit;\n  /* 1 */\n  color: inherit;\n  /* 1 */\n  margin: 0;\n  /* 2 */\n  padding: 0;\n  /* 3 */\n}\n\n/*\nRemove the inheritance of text transform in Edge and Firefox.\n*/\n\nbutton,\nselect {\n  text-transform: none;\n}\n\n/*\n1. Correct the inability to style clickable types in iOS and Safari.\n2. Remove default button styles.\n*/\n\nbutton,\ninput:where([type='button']),\ninput:where([type='reset']),\ninput:where([type='submit']) {\n  -webkit-appearance: button;\n  /* 1 */\n  background-color: transparent;\n  /* 2 */\n  background-image: none;\n  /* 2 */\n}\n\n/*\nUse the modern Firefox focus style for all focusable elements.\n*/\n\n:-moz-focusring {\n  outline: auto;\n}\n\n/*\nRemove the additional `:invalid` styles in Firefox. (https://github.com/mozilla/gecko-dev/blob/2f9eacd9d3d995c937b4251a5557d95d494c9be1/layout/style/res/forms.css#L728-L737)\n*/\n\n:-moz-ui-invalid {\n  box-shadow: none;\n}\n\n/*\nAdd the correct vertical alignment in Chrome","contentType":"text/plain; charset=ISO-8859-1","editableAsText":true,"fileSize":23715,"isImage":false,"length":23715,"modDate":1721834379132,"name":"output.css","path":"a/e/ae11b43e-4230-42c9-8abb-76638cd20e2d/fileAsset/output.css","sha256":"a538d2f9a035014c6f169f667bb25321e1c4faa8525a3ff0e4263d5423de570e","title":"output.css","version":20220201}