{"content":"\n  \n    Products\n\n    \n      #foreach($product in $dotcontent.pull(\"+contentType:Product +variant:default\",10,\"modDate desc\"))\n      \n        \n          \n        \n\n        \n          \n            \n              \n                \n                ${product.title}\n              \n            \n\n          \n\n          #if(${product.currency.selectValue} == \"EUR\")\n            #set($currencySymbol = \"€\")\n          #elseif(${product.currency.selectValue} == \"USD\")\n            #set($currencySymbol = \"$\")\n          #else\n            #set($currencySymbol = \"\" )\n          #end\n          ${currencySymbol}${product.price}\n\n        \n\n      \n\n      #end\n    \n\n  \n\n\n","contentType":"text/html; charset=UTF-8","editableAsText":true,"fileSize":1559,"isImage":false,"length":1559,"modDate":1721834379126,"name":"render-products.vtl","path":"5/1/51e1ccf6-127f-4d0b-9784-53a250cc1b03/fileAsset/render-products.vtl","sha256":"de00b0376ec4c05730d6f694347013669d8929d0a08de10d6a25d64a03b1e1cd","title":"render-products.vtl","version":20220201}