{"content":"#if($URLMapContent.inode)\n    <main class=\"pt-8 pb-10 lg:pt-16 bg-white antialiased\">\n        <div class=\"flex justify-between px-4 mx-auto max-w-screen-xl \">\n            <article class=\"mx-auto w-full max-w-2xl format format-sm sm:format-base lg:format-lg format-blue\">\n            <figure><img width=\"672\" height=\"448\" src=\"/dA/${URLMapContent.image.shorty}/assets/${URLMapContent.image.name}\" class=\"rounded-lg mb-8\" alt=\"${URLMapContent.title}\">\n            </figure>\n                <header class=\"mb-4 lg:mb-6 not-format\">\n                    #set($publishedAt = ${URLMapContent.publishedAt})\n                    <p class=\"text-base text-gray-500 mb-3\">${URLMapContent.author.name} &#8226; ${URLMapContent.author.role} &#8226; <time pubdate datetime=\"${date.format('YYYY-MM-dd', $publishedAt)}\" title=\"${date.format('YYYY-MM-dd', $publishedAt)}\">${date.format('MMMM dd, yyyy', $publishedAt)}</time></p>\n                    <h1 class=\"mb-4 text-3xl font-extrabold leading-tight text-gray-900 lg:mb-6 lg:text-4xl\">${URLMapContent.title}</h1>\n                </header>\n                $!{URLMapContent.article.toHtml('/application/block-editor/default/')}\n            </article>\n        </div>\n    </main>\n#else\nNo URLMapContent was passed for blog article!\n#end\n\n","contentType":"text/plain; charset=ISO-8859-1","editableAsText":true,"fileSize":1266,"isImage":false,"length":1266,"modDate":1721052521016,"name":"render-blog-article.vtl","path":"9/3/93fe7cb8-10f7-44a6-856e-106b5242d88d/fileAsset/render-blog-article.vtl","sha256":"bd87d98d5e0e7b715e73a0aff08121f79af612e5363a618acdcbf27910fb50b4","title":"render-blog-article.vtl","version":20220201}