{"content":"<script>\n\n    function slugify (text) {\n      const a ='àáäâćèéëêìíïîòóöôùúüûñçßÿœæŕśšńṕẃǵǹḿǘẍźḧ·/_,:;='\n      const b ='aaaaceeeeiiiioooouuuuncsyoarssnpwgnmuxzh-------'\n      const p = new RegExp(a.split('').join('|'), 'g')\n\n      return text.toString().toLowerCase()\n        .replace(/\\s+/g, '-')           // Replace spaces with -\n        .replace(p, c =>\n            b.charAt(a.indexOf(c)))     // Replace special chars\n        .replace(/&/g, '-and-')         // Replace & with 'and'\n        .replace(/[^\\w\\-]+/g, '')       // Remove all non-word chars\n        .replace(/\\-\\-+/g, '-')         // Replace multiple - with single -\n        .replace(/^-+/, '')             // Trim - from start of text\n        .replace(/-+$/, '')             // Trim - from end of text\n    }\n\n\tvar fieldToSlugOff  = \"title\";\n    var slugField  = \"urlFilename\";\n    var slugEdited  = false;\n    var currentVal = \"$!urlFilename\";\n\n\tfunction updateDisplayURLFilename(){\n\n\t\t// get the title entered by the user\n\t\tvar plainTitle = dijit.byId(fieldToSlugOff).getValue();\t\n\n\t\tif(plainTitle == null || plainTitle == undefined || plainTitle.length ==0){\n\t\t\treturn;\n\t\t}\n\t\t\n\t\tvar newVal = slugify(plainTitle);\n\t\t\n\n\n\t\tdocument.getElementById(\"slugSuggestion\").style.display=\"none\";\n\t\tif(currentVal == null || currentVal== undefined || currentVal.length ==0 && !slugEdited){\n\t\t    dijit.byId(\"slugCustomField\").setValue(newVal);\n\t\t    document.getElementById(slugField).value=newVal;\n\t\t}\n\t\telse if(newVal != currentVal){\n\t\t\tdocument.getElementById(\"slugSuggestion\").style.display=\"\";\n\n\t\t\tlet htmlTemplate = `<i>suggestion</i> : <a href=\"javascript:useSlugSuggestion('$newVal')\">$newVal</a>`;\n\t\t\thtmlTemplate = htmlTemplate.replace(\"$newVal\", newVal).replace(\"$newVal\", newVal);\n\t\t    dojo.byId(\"slugSuggestion\").innerHTML = htmlTemplate;\n\t\t}\n\t}\n\n\n\t// attach this the text1 field onchange\n\tdojo.addOnLoad(function(fieldToSlugOff){\n\t\t\tdojo.connect(dojo.byId(fieldToSlugOff), \"onkeyup\", null, \"updateDisplayURLFilename\")\n \t\t\t// for debugging - document.getElementById(slugField).type =\"text\";\n\t\t}\n\t);\n\n\n    function updateUrlMap(){\n        slugEdited=true;\n        document.getElementById(slugField).value=dijit.byId(\"slugCustomField\").getValue();\n        emmitFieldDataChange(true);\n        \n    }\n\nfunction useSlugSuggestion(slugSuggeston){\n\t\tdocument.getElementById(\"slugSuggestion\").style.display=\"none\";\n\n\t\tif(slugSuggeston != null || slugSuggeston!= undefined || slugSuggeston.length >0 ){\n\t\t    dijit.byId(\"slugCustomField\").setValue(slugSuggeston);\n\t\t    updateUrlMap();\n\t\t}\n\n\n}\n\n\n</script>\n<input type=\"text\" id=\"slugCustomField\" dojoType=\"dijit.form.TextBox\"  value=\"$!{urlFilename}\" onkeyup=\"updateUrlMap()\" style=\"background:#FAFAFA\"/>\n<div id=\"slugSuggestion\"  style=\"padding-top:10px;padding-left:10px;display:none;\"></div>\n","contentType":"text/plain; charset=UTF-8","editableAsText":true,"fileSize":2850,"isImage":false,"length":2850,"modDate":1721049963452,"name":"url-filename.vtl","path":"5/c/5c74f407-a4d0-4512-a99d-91a2945e57c9/fileAsset/url-filename.vtl","sha256":"bf358ce74796abad2f8c3ee83899f9156f45f16fcce1e60a50520c80cd6f7533","title":"url-filename.vtl","version":20220201}