{"content":"<section class=\"py-6 sm:py-12\">\n  <div class=\"container p-6 mx-auto space-y-10\">\n    <div class=\"space-y-2 text-center\">\n      <h2 class=\"text-3xl font-bold\">Blog</h2>\n      <p class=\"text-sm\">Qualisque erroribus usu at, duo te agam soluta mucius.</p>\n    </div>\n    <div class=\"grid grid-cols-1 gap-x-4 gap-y-8 md:grid-cols-2 xl:grid-cols-4\">\n      #foreach($blogArticle in $dotcontent.pull(\"+contentType:BlogArticle +variant:default\",10,\"modDate desc\"))\n      <article class=\"relative flex flex-col hover:bg-gray-100 border rounded-lg\">\n        <img alt=\"${blogArticle.title}\" class=\"object-cover w-full h-52 rounded-t-lg\"\n             src=\"/dA/${blogArticle.image.shorty}/assets/${blogArticle.image.name}\">\n        <div class=\"flex flex-col flex-1 p-6\">\n          <h3 class=\"flex-1 py-2 text-lg font-semibold leading-snug\">\n            <a rel=\"noopener noreferrer\" href=\"/blog/${blogArticle.urlFilename}\" aria-label=\"${blogArticle.title}\">\n              <span aria-hidden=\"true\" class=\"absolute inset-0\"></span>\n              ${blogArticle.title}\n            </a>\n          </h3>\n          <div class=\"flex flex-wrap justify-between pt-3 space-x-2 text-xs\">\n            <span>${blogArticle.author.name}</span>\n            <span>${date.format('MMMM dd, yyyy',${blogArticle.publishedAt})}</span>\n          </div>\n        </div>\n      </article>\n      #end\n    </div>\n  </div>\n</section>\n","contentType":"text/plain; charset=ISO-8859-1","editableAsText":true,"fileSize":1387,"isImage":false,"length":1387,"modDate":1721834379131,"name":"render-blog-articles.vtl","path":"0/0/00e1e4b6-2aad-44c6-8122-4019a63639fe/fileAsset/render-blog-articles.vtl","sha256":"75bdf852e926ea0d9176f4b31e92002dc64ec19d3632f8ba122ff2801c1b4b05","title":"render-blog-articles.vtl","version":20220201}