{"content":"    <div class=\"px-6 pt-10 lg:px-8\">\n        <div class=\"mx-auto max-w-2xl py-32 sm:py-48 lg:py-56\">\n            <div class=\"text-center\">\n                <h1 class=\"text-4xl font-bold tracking-tight text-gray-900 sm:text-6xl\">Lorem ipsum dolor sit amet</h1>\n                <p class=\"mt-6 text-lg leading-8 text-gray-600\">Anim aute id magna aliqua ad ad non deserunt sunt. Qui irure qui lorem cupidatat commodo. Elit sunt amet fugiat veniam occaecat fugiat aliqua.</p>\n                <div class=\"mt-10 flex items-center justify-center gap-x-6\">\n                    <a href=\"/blog.html\" class=\"rounded-md bg-indigo-600 px-3.5 py-2.5 text-sm font-semibold text-white shadow-sm hover:bg-indigo-500 focus-visible:outline focus-visible:outline-2 focus-visible:outline-offset-2 focus-visible:outline-indigo-600\">Read articles</a>\n                    <a href=\"/products.html\" class=\"text-sm font-semibold leading-6 text-gray-900\">All products <span aria-hidden=\"true\">→</span></a>\n                </div>\n            </div>\n            </div>\n        </div>\n    </div>\n","contentType":"text/plain; charset=UTF-8","editableAsText":true,"fileSize":1064,"isImage":false,"length":1064,"modDate":1721049963453,"name":"render-main-content.vtl","path":"6/b/6b60ed5b-ddb4-4c76-851c-3f9e95cde2b7/fileAsset/render-main-content.vtl","sha256":"924b5b85a96e6726e6a1684dfec1182f4563c3aa253ce0a310fc0b5576f91d9f","title":"render-main-content.vtl","version":20220201}